ResponseId,actual,guessed
1,61256.0,29216.0
10004,99773.0,97743.0
10016,85000.0,91738.0
1002,145018.0,75687.0
10030,100765.0,110456.0
10053,232029.0,106119.0
10055,215000.0,142982.0
10073,9299.0,20317.0
10074,29951.0,64505.0
10085,20923.0,34131.0
10090,34035.0,43858.0
10097,90491.0,72918.0
10100,26198.0,20839.0
1011,6000.0,22453.0
10137,36758.0,63581.0
10138,52050.0,41240.0
1015,145917.0,114110.0
10151,51511.0,54914.0
10164,98158.0,100923.0
10178,55687.0,63395.0
10189,56167.0,104376.0
10192,89868.0,119310.0
1020,19139.0,8364.0
10224,76570.0,78843.0
10237,66128.0,42751.0
10244,99773.0,87161.0
10246,149756.0,93652.0
10264,136450.0,48078.0
10280,127616.0,74268.0
10282,61264.0,67143.0
1029,68225.0,76255.0
10308,39445.0,56805.0
10317,51046.0,76768.0
10324,98703.0,111968.0
10328,78616.0,74998.0
10332,185623.0,81690.0
10340,121570.0,55250.0
10344,72672.0,70362.0
1035,13169.0,13551.0
10358,81210.0,129575.0
10359,116015.0,112328.0
10374,570000.0,265132.0
1038,139218.0,101740.0
10380,190000.0,157329.0
10381,35965.0,41566.0
10383,149522.0,109325.0
10389,139218.0,81854.0
10407,55000.0,32746.0
1041,13107.0,52241.0
10423,116015.0,114931.0
1044,36407.0,55708.0
10443,150000.0,189963.0
10448,71465.0,62479.0
1046,248058.0,123785.0
10461,69609.0,82921.0
1048,49886.0,47375.0
10505,21844.0,53894.0
10512,41929.0,42380.0
10518,210000.0,110301.0
10531,101941.0,107766.0
10540,83531.0,96248.0
10549,75410.0,70289.0
10571,85000.0,117834.0
10572,696088.0,81581.0
1058,200000.0,254869.0
10590,500000.0,248778.0
1062,92812.0,83235.0
10636,56908.0,76816.0
10637,160000.0,183988.0
10648,80000.0,112037.0
10669,75556.0,31696.0
10680,88000.0,84549.0
10687,34804.0,79145.0
10689,107000.0,174399.0
10691,65496.0,44176.0
10697,40000.0,75314.0
10704,83531.0,91814.0
10710,48726.0,46877.0
10731,62017.0,53713.0
10740,29060.0,64140.0
10747,89198.0,53895.0
10748,37197.0,32768.0
10751,92812.0,89459.0
10752,104413.0,82427.0
10769,154000.0,163895.0
10775,96714.0,118270.0
10799,58587.0,53558.0
10806,109438.0,114128.0
1082,250000.0,216222.0
10821,116733.0,116347.0
10828,23133.0,18079.0
10838,73932.0,74001.0
10856,99773.0,104935.0
10858,102000.0,75750.0
10860,47650.0,68652.0
10883,355000.0,223485.0
10891,104413.0,68676.0
109,88492.0,94340.0
10901,89867.0,41954.0
10911,75410.0,55572.0
10913,53095.0,45660.0
10914,83046.0,86625.0
10923,64968.0,81822.0
1093,46111.0,53057.0
10930,80000.0,145951.0
10936,75000.0,138285.0
10946,82000.0,90694.0
10950,59902.0,79151.0
10951,1317.0,16322.0
10959,51046.0,46972.0
10974,92812.0,103510.0
10992,250000.0,148423.0
11001,215000.0,185139.0
1101,253000.0,179040.0
11014,60560.0,43278.0
11015,185000.0,125241.0
11016,78962.0,88650.0
1102,95132.0,89072.0
11021,160000.0,180777.0
1103,52207.0,55411.0
11031,24339.0,52837.0
11048,61264.0,103236.0
11057,16541.0,16914.0
11067,56908.0,67548.0
11090,5231.0,16037.0
11091,160272.0,148019.0
11092,11504.0,5017.0
11095,116015.0,63515.0
11097,138000.0,108050.0
11103,36000.0,53393.0
11108,183791.0,122258.0
11116,185000.0,154492.0
11121,11400.0,17336.0
11128,51572.0,54227.0
1113,12205.0,26336.0
11130,120000.0,119644.0
11137,46406.0,46179.0
11147,106463.0,84141.0
11154,78890.0,55932.0
11168,100000.0,77946.0
1117,103468.0,87442.0
11176,170000.0,208305.0
11194,74878.0,61323.0
1120,82695.0,70981.0
11217,180000.0,164159.0
11228,52903.0,91428.0
11235,80000.0,128663.0
11239,149756.0,130466.0
11252,116733.0,91246.0
1126,696088.0,127079.0
11265,89000.0,129061.0
1127,75559.0,60190.0
11275,210252.0,62816.0
11278,131000.0,180006.0
11296,198389.0,185022.0
11300,12786.0,10156.0
11304,181000.0,119627.0
11314,11832.0,42173.0
11329,81210.0,94194.0
11339,74889.0,85305.0
1134,200000.0,130382.0
1137,84408.0,91200.0
11375,45000.0,36719.0
11376,33700.0,46285.0
11389,24029.0,16459.0
11391,220000.0,130054.0
11396,43505.0,58981.0
11406,173590.0,124885.0
11413,76825.0,88431.0
11419,100629.0,66823.0
11426,100683.0,109490.0
11434,205000.0,173144.0
11436,55687.0,48904.0
11447,58007.0,35331.0
1145,250000.0,140329.0
11451,232029.0,81026.0
11454,157232.0,71339.0
11455,142949.0,128229.0
11457,11043.0,11353.0
11475,29196.0,62318.0
11482,132300.0,124714.0
11483,33840.0,74795.0
11489,90000.0,123983.0
11500,250000.0,182082.0
11535,35733.0,35321.0
11546,92812.0,68537.0
1156,155000.0,135985.0
11569,69310.0,87334.0
11575,92812.0,80224.0
11589,155000.0,133936.0
11597,81210.0,76779.0
11600,58367.0,107093.0
11605,23340.0,52832.0
1161,57861.0,54310.0
11618,1064.0,30354.0
11635,29473.0,49227.0
1164,129000.0,110023.0
11642,139218.0,124644.0
1165,77000.0,133641.0
11657,234000.0,136149.0
11659,75472.0,73461.0
11660,110279.0,62071.0
11669,21362.0,50368.0
1168,128000.0,126752.0
11683,225000.0,130523.0
11691,31360.0,48217.0
11692,94000.0,112284.0
11696,93972.0,84619.0
11698,51183.0,41234.0
11701,275000.0,163476.0
11711,68071.0,157580.0
11742,250000.0,242957.0
11746,87011.0,100987.0
11747,60328.0,26091.0
11760,57861.0,54167.0
11774,156000.0,150205.0
1178,70000.0,76226.0
11788,41929.0,43107.0
11805,120000.0,148834.0
11808,210000.0,168944.0
11824,109438.0,94476.0
11826,69609.0,89277.0
11828,64968.0,78219.0
11829,41462.0,28560.0
11839,96000.0,150737.0
11840,2790.0,13608.0
11847,115720.0,94500.0
11856,94000.0,79818.0
11858,170000.0,146704.0
1187,108913.0,107917.0
11871,125000.0,169752.0
11873,100000.0,109517.0
11907,145629.0,64152.0
11908,242000.0,143858.0
11927,120000.0,168801.0
11946,80000.0,135789.0
11956,65000.0,108127.0
11958,176485.0,201344.0
11964,70000.0,97273.0
11965,160000.0,165775.0
11973,115000.0,131084.0
11974,104413.0,30657.0
11983,86109.0,61519.0
11994,66000.0,47155.0
12010,63808.0,86451.0
12012,70208.0,68579.0
12052,17813.0,19560.0
12063,108424.0,71641.0
12071,87011.0,82185.0
12083,90000.0,132259.0
12084,96660.0,136341.0
12085,129750.0,176152.0
12098,46496.0,19773.0
12101,53367.0,61736.0
12104,17605.0,26765.0
12109,54611.0,39745.0
12111,175000.0,120323.0
12117,98827.0,116412.0
12118,20000.0,24798.0
12119,50314.0,67064.0
12130,18331.0,16303.0
12134,80000.0,151750.0
12155,220000.0,290482.0
12159,45509.0,24732.0
12160,91013.0,106436.0
12175,188527.0,99193.0
12186,216000.0,151436.0
12195,18204.0,51184.0
12211,85000.0,113586.0
12227,60000.0,37449.0
12232,119495.0,115147.0
12235,113766.0,116472.0
12246,117637.0,24985.0
12251,65009.0,99575.0
12255,80000.0,40678.0
12264,93000.0,83842.0
12282,175000.0,119588.0
12302,130000.0,169447.0
12304,170000.0,173383.0
12318,22086.0,23447.0
12322,116000.0,139295.0
12364,6843.0,47729.0
12373,123518.0,123494.0
12374,60000.0,102435.0
12390,46406.0,57583.0
12391,100000.0,105451.0
12414,294142.0,162877.0
12419,98612.0,70698.0
12429,40684.0,12321.0
12440,99773.0,100915.0
12459,93613.0,143349.0
12469,16218.0,10617.0
12473,33000.0,9283.0
12474,74713.0,61700.0
12480,85851.0,85374.0
12483,49886.0,64322.0
12493,116015.0,60797.0
12502,58634.0,72356.0
12508,148678.0,108013.0
12511,115720.0,97876.0
12517,3383.0,54348.0
12518,69609.0,70673.0
1252,638081.0,61234.0
12529,71899.0,46554.0
12531,49886.0,55022.0
12542,64968.0,69625.0
12544,60328.0,67520.0
12564,70208.0,72491.0
12573,34462.0,39366.0
12578,53367.0,69025.0
12580,85088.0,73566.0
12587,68134.0,63425.0
12589,17749.0,30629.0
12604,142949.0,107623.0
12606,74249.0,81301.0
12621,141587.0,96821.0
12627,42925.0,46094.0
12638,3798.0,67701.0
12641,59167.0,56074.0
12643,6765.0,37533.0
12657,51851.0,45487.0
12666,54527.0,76468.0
12674,148791.0,156775.0
12686,59000.0,82838.0
12694,105891.0,96782.0
12720,8137.0,24143.0
12724,174022.0,99479.0
12729,119805.0,101103.0
12732,205485.0,77430.0
1274,132057.0,103172.0
12743,89098.0,76381.0
12750,73017.0,87767.0
12755,122604.0,130888.0
12761,67289.0,69628.0
12768,2757.0,45916.0
12773,81318.0,65145.0
12780,104413.0,96829.0
12784,47799.0,59120.0
12797,130637.0,120155.0
12804,3308.0,22486.0
12810,359579.0,194979.0
12812,136392.0,124998.0
12824,30164.0,36402.0
12826,116015.0,45320.0
12828,87011.0,77152.0
12838,139218.0,58190.0
12839,19180.0,17227.0
12844,148791.0,133792.0
12845,123993.0,124180.0
12848,17402.0,94822.0
12861,83981.0,86533.0
12870,90353.0,87350.0
12872,84125.0,63368.0
12885,46496.0,40320.0
1291,140000.0,168860.0
12920,94955.0,81376.0
12922,90526.0,61691.0
12933,15111.0,21905.0
12939,67419.0,24944.0
12942,29060.0,11089.0
12950,39445.0,34363.0
12952,63808.0,94167.0
12963,92812.0,53195.0
12964,22043.0,10572.0
12970,60583.0,75998.0
12976,87591.0,101123.0
1298,35949.0,14354.0
12983,104413.0,119018.0
12989,34804.0,34374.0
12991,119076.0,103759.0
12997,39665.0,34065.0
1300,163000.0,158425.0
13003,72393.0,68738.0
13005,97514.0,106877.0
13023,46406.0,72311.0
13026,115717.0,69516.0
13028,38285.0,38726.0
13035,120000.0,172519.0
13037,142592.0,109412.0
13041,95299.0,40718.0
13050,5812.0,9830.0
13059,92812.0,107957.0
13061,60000.0,14001.0
13064,93044.0,88572.0
13066,12000.0,120421.0
13069,27228.0,50786.0
13070,55399.0,71144.0
13075,126473.0,133422.0
13088,48726.0,44372.0
1310,116015.0,110048.0
13135,66310.0,66056.0
13139,58507.0,75866.0
1316,68581.0,76237.0
13160,115720.0,100885.0
13165,57953.0,77405.0
13191,18784.0,32692.0
1321,375000.0,248667.0
13211,81210.0,117332.0
13222,46406.0,33071.0
13228,92812.0,89697.0
13249,87011.0,75052.0
1325,190000.0,198429.0
13266,146500.0,113805.0
13269,52800.0,55971.0
13270,75693.0,66953.0
13275,38278.0,19847.0
13289,93972.0,88937.0
13290,24813.0,31816.0
13294,440000.0,197506.0
13296,59826.0,62852.0
13303,46406.0,60004.0
13320,77730.0,65861.0
13330,80000.0,76443.0
13332,110214.0,64364.0
13333,34872.0,5706.0
13339,72000.0,55366.0
13343,85557.0,41146.0
13348,32748.0,19141.0
13356,136141.0,129365.0
1336,20000.0,160904.0
13364,115000.0,119121.0
1338,29004.0,82654.0
13382,170000.0,178364.0
1339,116015.0,78246.0
13390,42577.0,71129.0
134,20109.0,25575.0
13401,69609.0,79614.0
13423,128953.0,148452.0
13431,64968.0,63345.0
13432,69609.0,56603.0
13446,72000.0,37731.0
13462,50118.0,37334.0
13465,189000.0,152203.0
13468,115040.0,104250.0
13476,54457.0,78963.0
13491,162000.0,124448.0
13505,100000.0,83377.0
13507,68924.0,56577.0
1352,210000.0,208823.0
13536,174022.0,62499.0
13547,109684.0,86877.0
13549,64968.0,87649.0
13559,229431.0,153030.0
13573,120000.0,146263.0
13577,36841.0,24295.0
13584,53095.0,84288.0
13586,74249.0,66472.0
13604,194000.0,175589.0
13614,3739.0,14125.0
13616,32484.0,32460.0
13620,90000.0,95715.0
13621,99500.0,99551.0
13630,225000.0,161713.0
13636,60000.0,31819.0
13640,83531.0,66613.0
1365,13192.0,21635.0
13668,62015.0,78676.0
13670,11745.0,79020.0
13672,62755.0,64976.0
13673,156500.0,158932.0
13684,190000.0,181283.0
13685,71349.0,36233.0
1369,126000.0,130779.0
13699,85000.0,11711.0
137,4873.0,43177.0
13706,30623.0,33769.0
13716,27992.0,17448.0
13721,62379.0,70710.0
13728,17256.0,39879.0
13729,75410.0,88961.0
13740,195000.0,133113.0
13761,145000.0,139513.0
13770,117014.0,89577.0
13771,120000.0,183818.0
13776,696088.0,138025.0
13782,85851.0,83491.0
13784,55944.0,105969.0
13787,3343.0,68568.0
13795,38120.0,34741.0
13796,160000.0,133506.0
13800,112000.0,151919.0
13803,120000.0,118696.0
13805,48726.0,74967.0
13833,113651.0,97011.0
1384,68449.0,73529.0
13855,10214.0,92564.0
13856,25000.0,115285.0
13861,696088.0,20136.0
13863,66000.0,63477.0
13871,56604.0,36207.0
13896,31808.0,37686.0
13904,125000.0,128121.0
13916,138000.0,113188.0
1394,105424.0,134865.0
13977,305000.0,198084.0
13984,65533.0,39075.0
13989,300000.0,189078.0
14003,3470.0,25047.0
14015,156950.0,93234.0
14019,57775.0,58701.0
14031,300000.0,178762.0
14032,14563.0,9707.0
14054,31324.0,62400.0
14066,182400.0,135412.0
14072,108913.0,103448.0
14083,213000.0,146782.0
14101,12000.0,12533.0
14104,62017.0,46505.0
14122,104413.0,39075.0
14123,15000.0,9611.0
14128,40842.0,75211.0
14135,72282.0,85950.0
1414,85536.0,64486.0
1416,63808.0,63824.0
14164,120267.0,133839.0
14168,34872.0,51590.0
14176,87550.0,106042.0
14177,300000.0,217676.0
1418,90000.0,122712.0
14186,18950.0,16190.0
14206,90000.0,109084.0
14217,190000.0,157280.0
14240,402113.0,67969.0
14248,154000.0,193589.0
14257,84329.0,76278.0
14266,106000.0,151152.0
14268,69744.0,8845.0
14277,120267.0,141112.0
14284,69609.0,50624.0
14290,13949.0,31057.0
14294,174022.0,53936.0
1430,79779.0,109417.0
14300,40000.0,34935.0
14303,41765.0,63003.0
14312,250000.0,227593.0
14347,52308.0,38118.0
14348,67289.0,70601.0
14350,125786.0,87471.0
14377,98612.0,69330.0
14381,39298.0,76791.0
14382,30164.0,63399.0
14383,185623.0,141863.0
14385,102093.0,83307.0
14419,155521.0,126319.0
14426,136141.0,120468.0
14432,83531.0,81055.0
14445,113116.0,155673.0
14450,78011.0,89396.0
14456,10577.0,7854.0
14461,127616.0,58565.0
14478,198389.0,195767.0
14482,4882.0,11075.0
14512,69609.0,64552.0
14513,18107.0,23727.0
14519,95299.0,124244.0
1452,51038.0,44629.0
14521,61264.0,54693.0
14526,12014.0,10488.0
14527,170920.0,8533.0
14547,55687.0,98179.0
14548,1156.0,46778.0
14572,42416.0,54517.0
14576,118335.0,72895.0
14585,34804.0,53739.0
14594,18000.0,11652.0
14603,51975.0,70465.0
14610,81210.0,68661.0
14614,21000.0,31818.0
14618,108913.0,120944.0
14621,136141.0,105375.0
14635,118000.0,172647.0
14642,58975.0,56075.0
1465,220000.0,154817.0
14658,64388.0,69239.0
14670,98612.0,80709.0
14685,70135.0,58488.0
1469,69609.0,89306.0
14694,38206.0,22771.0
1474,110214.0,86616.0
1475,116700.0,135907.0
14750,56604.0,71233.0
14751,58007.0,75267.0
14766,93312.0,95944.0
14772,120000.0,128616.0
14783,102106.0,105910.0
1479,87011.0,83762.0
14799,50350.0,42856.0
14804,92812.0,98660.0
14806,125000.0,144544.0
14829,68449.0,62951.0
14850,44086.0,91963.0
14857,600000.0,191465.0
14858,40605.0,43670.0
14860,85000.0,30934.0
14869,41515.0,45809.0
14877,119805.0,126695.0
14879,110000.0,150218.0
14880,87550.0,86366.0
14882,52207.0,54902.0
14884,36753.0,47630.0
14887,49886.0,41959.0
14894,69609.0,98117.0
14897,76570.0,73388.0
149,150000.0,131621.0
14911,127616.0,81383.0
14913,140000.0,138542.0
14927,118000.0,120859.0
14936,160000.0,166815.0
14942,160000.0,149237.0
14947,69609.0,58267.0
14948,75410.0,66631.0
14953,162523.0,143470.0
14969,90000.0,150558.0
14973,115720.0,97415.0
14977,107000.0,74341.0
14978,52207.0,68274.0
14979,120000.0,146393.0
14980,11456.0,4553.0
14981,205000.0,199239.0
14988,118593.0,117091.0
14997,54611.0,36892.0
1500,75183.0,59539.0
15003,97452.0,46908.0
15010,185000.0,137225.0
15014,127677.0,100650.0
15019,68071.0,87549.0
15045,200000.0,74714.0
15047,61759.0,63700.0
15055,127616.0,110377.0
15059,63808.0,51044.0
15060,34804.0,22154.0
15061,78890.0,90541.0
15063,150294.0,85086.0
15064,78000.0,69447.0
15070,95000.0,139701.0
15073,5383.0,15997.0
15080,87328.0,90729.0
15086,91198.0,120019.0
15088,136450.0,81177.0
15090,83960.0,101254.0
15097,3564.0,21248.0
151,69609.0,92481.0
15100,104413.0,71486.0
15116,42050.0,46281.0
15117,87011.0,73054.0
1512,131570.0,80803.0
15123,150819.0,56893.0
1513,35000.0,20775.0
15141,145917.0,99833.0
15156,179790.0,132272.0
15158,102093.0,101398.0
15161,92576.0,106307.0
15165,360000.0,137562.0
15167,93611.0,83815.0
1517,98612.0,129809.0
15178,98612.0,66065.0
15181,107000.0,66085.0
15191,4040.0,44731.0
15192,102000.0,103785.0
15195,165000.0,191362.0
15196,162884.0,78430.0
15203,93972.0,97595.0
15209,43375.0,20216.0
15222,140000.0,187982.0
1523,136450.0,65941.0
15233,40896.0,87470.0
15234,52845.0,80344.0
15240,27844.0,20859.0
15243,2320.0,13478.0
15245,250000.0,162873.0
15250,46406.0,80328.0
15256,117175.0,55437.0
15263,25523.0,25316.0
15267,51734.0,70080.0
15268,62015.0,78588.0
1527,40605.0,66596.0
15273,48000.0,63198.0
15276,71929.0,47821.0
15279,154000.0,174754.0
1528,100000.0,154302.0
15280,11464.0,13402.0
15281,70000.0,26436.0
15286,164800.0,159082.0
15296,17436.0,18744.0
15300,63808.0,47821.0
15324,131325.0,129613.0
15330,27898.0,12816.0
15331,75410.0,79860.0
15341,81210.0,82478.0
15342,210788.0,233162.0
15343,81210.0,62587.0
15345,36089.0,43351.0
15356,100000.0,145606.0
15359,6289.0,73854.0
15376,150000.0,147400.0
15378,140417.0,81137.0
15384,120000.0,156626.0
1539,105000.0,135835.0
15392,125000.0,161053.0
15394,92812.0,70007.0
15398,124416.0,149960.0
154,31324.0,39237.0
15405,29060.0,20290.0
15409,63167.0,22572.0
15411,145166.0,100158.0
15413,34872.0,23497.0
15414,60038.0,22274.0
15415,142698.0,140787.0
15417,143420.0,124857.0
1542,255000.0,170037.0
15427,235000.0,177589.0
15432,200000.0,168177.0
15435,75000.0,104098.0
15438,46406.0,40457.0
15444,157500.0,139896.0
15447,52207.0,68448.0
15456,192000.0,136243.0
15465,300000.0,196149.0
15466,123534.0,94132.0
15467,17476.0,37085.0
1547,71134.0,90766.0
15480,154000.0,83650.0
15485,116015.0,91336.0
15507,72958.0,111502.0
15513,180000.0,156706.0
15522,81942.0,123479.0
15544,206000.0,223362.0
15552,139218.0,87372.0
15561,54457.0,136570.0
15562,120349.0,112900.0
15564,114447.0,99938.0
15566,100933.0,86449.0
15567,4300.0,11624.0
15568,216910.0,72767.0
15571,69310.0,46534.0
15587,165000.0,143644.0
15590,135000.0,149859.0
15593,143000.0,195838.0
15595,87011.0,86108.0
15599,13922.0,107339.0
156,75410.0,76503.0
15600,116015.0,118337.0
15611,140000.0,151846.0
15616,33966.0,27955.0
15618,110214.0,100619.0
15624,48726.0,69520.0
15625,41765.0,27947.0
15627,159000.0,194035.0
15628,104413.0,126079.0
15630,27844.0,76836.0
15642,30000.0,74034.0
15644,56167.0,67363.0
15645,77000.0,101934.0
1566,74249.0,96864.0
15667,110000.0,89811.0
15671,75472.0,65875.0
15672,204212.0,143839.0
15674,105000.0,116489.0
15677,190000.0,156052.0
15686,120000.0,131868.0
15689,75189.0,69130.0
15724,117459.0,92289.0
15734,130000.0,135827.0
1574,165000.0,128157.0
15743,26000.0,68301.0
15761,81685.0,68503.0
15762,120000.0,128843.0
15778,62180.0,88160.0
1578,81210.0,80212.0
15782,194000.0,161459.0
15810,200000.0,174698.0
15816,22573.0,25771.0
15822,116015.0,65736.0
15825,170000.0,147544.0
1583,15111.0,45079.0
15836,177000.0,141892.0
15838,218000.0,180251.0
15847,70938.0,82925.0
1585,92812.0,95250.0
15887,87000.0,168783.0
15897,6382.0,11188.0
15902,80000.0,231388.0
1591,58007.0,83717.0
15927,152000.0,191084.0
15947,100000.0,71971.0
15948,108710.0,96639.0
15951,81912.0,108390.0
15970,101482.0,74272.0
15987,46496.0,23037.0
15999,33000.0,17202.0
16003,400497.0,246279.0
16017,92812.0,94969.0
16026,110214.0,95752.0
16037,40373.0,59645.0
1604,120000.0,132209.0
16045,142592.0,79429.0
16061,44571.0,31340.0
16062,1395.0,22060.0
16064,68449.0,68210.0
16069,87011.0,41425.0
16071,41765.0,54503.0
16073,81210.0,87234.0
16077,42730.0,56733.0
16079,48726.0,46375.0
1609,109054.0,107009.0
16092,98612.0,85492.0
16108,60377.0,45697.0
16109,48757.0,80475.0
16115,2397.0,15237.0
16119,73375.0,61486.0
1613,54000.0,116297.0
16130,34804.0,79765.0
1614,23710.0,21427.0
16150,13195.0,18903.0
16160,38278.0,78985.0
16165,8718.0,15250.0
1617,123000.0,150972.0
16187,54457.0,72213.0
16194,108477.0,73019.0
16197,69609.0,60386.0
16209,2397.0,20182.0
16210,23203.0,28835.0
16218,58007.0,48257.0
16226,67289.0,90923.0
1624,62257.0,31371.0
16242,81210.0,75677.0
16245,129937.0,64428.0
1625,109438.0,82585.0
16270,30164.0,43211.0
16274,102972.0,111053.0
16293,77846.0,63231.0
16295,32748.0,16255.0
16297,3487.0,12086.0
1630,4545.0,14434.0
16302,210000.0,242256.0
16305,163370.0,127929.0
1631,145000.0,208037.0
16311,8400.0,28963.0
16321,95299.0,106494.0
16337,80050.0,68276.0
1634,98612.0,75123.0
16342,64968.0,78711.0
16343,8799.0,34399.0
16361,179790.0,166405.0
16362,109054.0,86685.0
1638,8182.0,5626.0
16380,40605.0,72309.0
16399,40684.0,15870.0
16427,68071.0,96178.0
16446,44086.0,31897.0
16447,69609.0,77619.0
16451,14236.0,13895.0
16464,34804.0,48833.0
16467,39481.0,69704.0
16468,63808.0,85477.0
16470,77601.0,78332.0
16498,74249.0,51140.0
1650,109000.0,117483.0
16509,56167.0,51220.0
16513,54457.0,67285.0
16534,160000.0,195923.0
16535,90892.0,49775.0
16537,51053.0,111724.0
16542,75410.0,71391.0
1655,150000.0,128685.0
16563,4000.0,34410.0
16571,52207.0,50875.0
16578,60400.0,106546.0
16579,22043.0,27430.0
1659,80254.0,87039.0
16606,41765.0,36207.0
16610,23248.0,19335.0
16611,300000.0,187890.0
16615,174000.0,140440.0
16616,127616.0,79306.0
16622,46406.0,75191.0
16629,77881.0,51778.0
16634,58007.0,50982.0
16635,180000.0,136136.0
16643,20371.0,14157.0
1665,75410.0,60144.0
16651,60328.0,70195.0
16652,62180.0,57982.0
16663,44086.0,44065.0
16673,200000.0,121173.0
16677,68071.0,92175.0
16680,107894.0,73123.0
16681,55687.0,92132.0
16683,69609.0,62951.0
16689,75320.0,47200.0
1669,76800.0,10916.0
16701,41929.0,28795.0
16703,62221.0,53954.0
16706,98000.0,57111.0
16712,58007.0,44837.0
16713,80000.0,122490.0
1672,46406.0,71912.0
16733,90491.0,68072.0
16750,27109.0,35364.0
1677,62648.0,88597.0
16777,121815.0,71121.0
16779,171115.0,43628.0
16780,11601.0,38752.0
16794,8738.0,17983.0
16798,81210.0,82508.0
16799,80000.0,126178.0
16803,95299.0,126184.0
16817,36841.0,25728.0
16822,16850.0,10081.0
16832,44086.0,52815.0
16848,75147.0,70636.0
1685,131000.0,121834.0
16856,139218.0,83214.0
16861,41765.0,78549.0
16869,120889.0,44832.0
16890,44246.0,47180.0
16910,130193.0,114439.0
16915,200000.0,142571.0
16929,300000.0,7608.0
16945,174022.0,127828.0
1695,8121.0,84276.0
1696,300000.0,163896.0
16968,87011.0,49326.0
16978,112500.0,137521.0
16979,140000.0,135509.0
1698,230000.0,119919.0
16986,27836.0,16990.0
17001,41515.0,53372.0
1701,83857.0,38402.0
17015,81210.0,69243.0
17026,37867.0,16691.0
17034,127000.0,131770.0
17044,61488.0,71343.0
17046,3376.0,68498.0
17049,48000.0,74090.0
1706,48000.0,126720.0
17070,78000.0,74927.0
17071,150819.0,96606.0
17088,4950.0,57224.0
17092,91485.0,111879.0
17105,151753.0,110637.0
17118,58007.0,83962.0
17122,52207.0,59201.0
17126,139488.0,32365.0
17128,43505.0,46966.0
1713,121815.0,84858.0
17133,73375.0,65592.0
17134,75410.0,66969.0
17144,120000.0,161370.0
17161,78616.0,71782.0
17181,40684.0,25946.0
17188,75000.0,93820.0
17204,110000.0,131108.0
17205,185989.0,159664.0
17209,83200.0,64261.0
17212,118000.0,109047.0
17219,40605.0,66025.0
17228,215000.0,182245.0
17233,127616.0,84853.0
17243,23870.0,10378.0
17248,139218.0,92607.0
17272,81210.0,79722.0
17274,150000.0,161650.0
17279,87328.0,64790.0
17288,28275.0,51071.0
17295,136141.0,110224.0
173,148499.0,118157.0
17305,63808.0,67329.0
1733,146329.0,99728.0
17338,180000.0,190257.0
17341,64327.0,60238.0
17351,48726.0,56025.0
1736,104413.0,120505.0
17368,53095.0,117648.0
1737,500000.0,82703.0
17373,145000.0,126714.0
17390,81210.0,90156.0
17396,200000.0,149987.0
17404,200000.0,147341.0
17406,149756.0,133010.0
17416,113000.0,146248.0
17421,31114.0,28707.0
17431,175000.0,140249.0
1744,58007.0,72686.0
17469,400000.0,191517.0
17477,119124.0,100193.0
17479,92812.0,107968.0
1748,71929.0,87582.0
17487,350000.0,148354.0
17490,87011.0,112397.0
1750,16383.0,36088.0
17504,142949.0,117467.0
17506,22000.0,90849.0
17521,120000.0,161619.0
17522,100000.0,148341.0
17523,48281.0,63322.0
17535,34804.0,62113.0
17539,84000.0,74190.0
17542,92812.0,56704.0
17544,122527.0,148253.0
17548,65000.0,49079.0
17552,6532.0,93160.0
17558,8388.0,75914.0
17574,75410.0,81938.0
1758,5241.0,79085.0
17596,186625.0,114482.0
17605,80000.0,110859.0
17609,18598.0,11850.0
17619,44933.0,58235.0
17625,39006.0,101357.0
17626,73516.0,71415.0
1763,400000.0,270153.0
17640,175000.0,151843.0
17646,116015.0,96493.0
17648,86315.0,47463.0
17652,18674.0,22826.0
17653,6974.0,9712.0
17664,104413.0,134986.0
17686,93000.0,117564.0
1770,43375.0,41692.0
17700,20024.0,24629.0
17701,134577.0,90196.0
17721,76340.0,86015.0
17729,13099.0,90509.0
17739,109438.0,97092.0
17763,122527.0,109749.0
17767,75410.0,62379.0
17772,150819.0,79909.0
17789,190000.0,139755.0
17791,38285.0,56292.0
17794,30000.0,189717.0
17805,61483.0,78704.0
17807,200000.0,132552.0
17814,69609.0,61337.0
17816,130000.0,139626.0
1782,87550.0,86007.0
17821,51734.0,81858.0
17829,1162.0,37176.0
17830,89867.0,70283.0
17837,51046.0,54335.0
1785,130000.0,148750.0
17850,9952.0,24226.0
1786,52207.0,50611.0
17874,96292.0,73578.0
17882,200000.0,43655.0
17887,176485.0,167213.0
17890,170000.0,217393.0
17898,170000.0,147844.0
179,72958.0,63557.0
17900,32767.0,45783.0
1791,59916.0,13120.0
17911,120000.0,147829.0
17926,38359.0,34840.0
17929,7532.0,14239.0
17971,71000.0,43322.0
17985,60000.0,78148.0
180,11530.0,64238.0
18007,76570.0,80834.0
18009,172000.0,139960.0
18010,7793.0,16351.0
18012,109160.0,66504.0
18015,40048.0,51406.0
18027,39445.0,54543.0
18034,130000.0,135826.0
18049,145671.0,133474.0
1805,78000.0,131400.0
18073,70332.0,58736.0
18077,127000.0,118462.0
18086,81685.0,94791.0
18094,77730.0,97628.0
1810,130000.0,145886.0
18121,13949.0,27311.0
18123,14927.0,24517.0
18136,300000.0,148494.0
18139,131432.0,104195.0
18143,100000.0,74712.0
18145,106733.0,68977.0
1815,26322.0,29218.0
18153,58007.0,46564.0
18160,147071.0,131924.0
18173,40743.0,36814.0
1819,91652.0,67066.0
18190,58700.0,35366.0
18200,232029.0,100542.0
18214,69764.0,77686.0
18225,27857.0,41720.0
18233,545000.0,242756.0
18238,120000.0,94770.0
1824,122976.0,95885.0
18242,104100.0,32949.0
18246,151053.0,113259.0
18264,165000.0,173830.0
18268,112000.0,106076.0
18271,169000.0,174775.0
18292,100464.0,134195.0
18293,11601.0,80916.0
18294,174022.0,86922.0
18298,161191.0,140484.0
18301,71929.0,79305.0
18309,330000.0,316025.0
18338,124416.0,127631.0
18363,150000.0,171894.0
1837,99193.0,103895.0
18374,200000.0,187742.0
18377,160000.0,188412.0
18382,74900.0,119065.0
18397,83531.0,80976.0
18409,75410.0,73036.0
18411,500000.0,232604.0
18432,138000.0,87990.0
18442,43775.0,86393.0
18452,69432.0,75884.0
18460,80824.0,32461.0
18463,58990.0,33650.0
18464,450000.0,188169.0
18467,97452.0,79542.0
1847,94846.0,82097.0
18484,37125.0,41727.0
18485,48146.0,71572.0
18489,91899.0,81510.0
18507,196000.0,146798.0
18510,4000.0,55187.0
18514,112997.0,97044.0
18515,67204.0,42647.0
18531,240000.0,128841.0
18537,76570.0,93279.0
18596,87550.0,102590.0
186,58007.0,69175.0
18604,324841.0,101848.0
18606,53692.0,31813.0
18612,150095.0,72017.0
18631,46000.0,70009.0
18634,46406.0,56913.0
18654,100000.0,109199.0
18655,37682.0,27524.0
18683,72500.0,125016.0
18698,7556.0,29561.0
18709,190598.0,154045.0
18719,75410.0,117525.0
18722,46406.0,76874.0
18737,69609.0,46674.0
18741,70113.0,46485.0
1875,7556.0,15626.0
18758,197225.0,53473.0
18770,118754.0,33984.0
18781,150000.0,172071.0
18784,163000.0,137594.0
18787,80050.0,82563.0
1879,102106.0,81409.0
18790,696088.0,143160.0
18794,69609.0,71712.0
18798,96554.0,107121.0
18799,27306.0,36880.0
188,102142.0,81163.0
18805,94933.0,51555.0
18813,250000.0,161079.0
18819,234000.0,184215.0
18826,32748.0,19721.0
1884,83200.0,136070.0
18857,147033.0,115610.0
18862,150000.0,193536.0
18868,4000.0,19308.0
18882,350000.0,307534.0
18883,162523.0,106512.0
18895,91013.0,114683.0
18897,13949.0,22230.0
18902,116015.0,34906.0
18907,95000.0,103770.0
18908,50000.0,44860.0
18910,87011.0,51658.0
18916,180000.0,134492.0
18927,129000.0,167503.0
1893,62000.0,207292.0
18935,163000.0,183161.0
18937,142698.0,77910.0
1895,88492.0,88726.0
18953,21844.0,44098.0
18955,71510.0,92390.0
18993,250000.0,173881.0
19010,63059.0,81023.0
1902,150818.0,156669.0
19030,210000.0,182964.0
19034,235000.0,159095.0
19036,80000.0,29428.0
1905,89183.0,102731.0
19050,81000.0,76204.0
19057,10901.0,19359.0
19073,81210.0,83535.0
19078,147071.0,148344.0
19087,162523.0,100028.0
19095,232029.0,80131.0
19096,72815.0,27821.0
19100,187500.0,143743.0
19106,50829.0,72207.0
19132,96377.0,124256.0
19137,250000.0,129410.0
19140,14322.0,6811.0
19142,116015.0,93915.0
19148,200000.0,172541.0
1915,161191.0,155005.0
19151,174000.0,188626.0
19152,104330.0,71700.0
19154,145144.0,265600.0
19161,160000.0,153887.0
19162,225000.0,133963.0
19163,131325.0,103474.0
19172,66259.0,69737.0
19174,140000.0,170379.0
19186,6974.0,34192.0
19190,285000.0,154904.0
19204,58508.0,122969.0
19207,74761.0,91745.0
19224,75877.0,92169.0
19235,3800.0,38929.0
19244,157000.0,196271.0
19265,108000.0,122298.0
19266,185000.0,134613.0
1927,84568.0,59048.0
19272,200000.0,157853.0
19274,91013.0,109877.0
19283,92000.0,120136.0
19304,185989.0,186636.0
19316,27109.0,42840.0
19320,70440.0,69983.0
19338,101000.0,158372.0
19361,104015.0,152680.0
19362,260000.0,166579.0
19389,1011.0,56396.0
1941,80000.0,135469.0
19410,35104.0,20932.0
19412,176984.0,111321.0
19417,260000.0,295331.0
19427,197225.0,74254.0
19445,52903.0,46911.0
19453,37867.0,30515.0
19454,136149.0,44056.0
19456,300000.0,317229.0
19463,400000.0,194106.0
19487,63808.0,84610.0
195,129334.0,112312.0
19502,200356.0,8830.0
19507,86163.0,75423.0
19514,72155.0,128711.0
19517,225000.0,182231.0
19532,4793.0,42257.0
19538,45177.0,45645.0
19545,49014.0,24453.0
19556,75410.0,69991.0
19562,160000.0,79169.0
1957,183000.0,168187.0
19588,81210.0,93285.0
19589,43375.0,18130.0
19598,100000.0,118176.0
19606,132264.0,113759.0
19607,52658.0,70288.0
19610,37210.0,44432.0
19626,161191.0,134039.0
19647,96816.0,39156.0
19666,167390.0,112049.0
19671,34804.0,82568.0
19682,35965.0,38327.0
19686,138358.0,104178.0
19694,58007.0,63128.0
19699,95515.0,52283.0
19716,1380.0,38717.0
19735,89751.0,85866.0
19741,31635.0,35238.0
19742,271474.0,37996.0
19748,116015.0,57669.0
19752,185000.0,77585.0
19758,15000.0,21384.0
19763,182026.0,167668.0
1977,139218.0,88446.0
19772,84691.0,104421.0
19787,45934.0,59402.0
1979,98612.0,49954.0
19791,110000.0,136409.0
19803,1392.0,60149.0
19828,60328.0,83282.0
19847,75410.0,66854.0
19865,55122.0,37225.0
1987,93886.0,117333.0
19894,136392.0,152980.0
199,8357.0,47941.0
19914,74249.0,80018.0
19925,5221.0,58672.0
19929,127616.0,100479.0
19954,29478.0,28491.0
19961,41765.0,48465.0
19987,108913.0,109593.0
200,34804.0,46774.0
20001,47566.0,65607.0
20005,104413.0,92474.0
2001,46393.0,80888.0
20014,60328.0,95243.0
20015,2157.0,33748.0
20018,63808.0,70791.0
20029,136450.0,74459.0
2003,174022.0,67193.0
20032,46406.0,30767.0
20069,81761.0,74530.0
20079,98612.0,99380.0
2008,56847.0,62774.0
2010,696088.0,300059.0
20121,59186.0,74874.0
20124,68071.0,85551.0
20125,95299.0,96673.0
20131,48000.0,27835.0
20136,41765.0,74429.0
20138,72958.0,9873.0
2014,201000.0,208792.0
20155,10462.0,8222.0
20165,48726.0,56913.0
2018,34804.0,78866.0
20185,81870.0,39295.0
20189,98494.0,72904.0
20191,76239.0,86360.0
20194,130000.0,161529.0
20198,75410.0,37401.0
202,38981.0,30352.0
20207,98022.0,65236.0
20217,77730.0,71322.0
20219,103021.0,89631.0
20223,23203.0,16296.0
20226,85000.0,117925.0
20233,116015.0,63475.0
20246,15111.0,23577.0
20249,59167.0,83098.0
20255,88154.0,87845.0
2026,4293.0,61191.0
20265,63808.0,79082.0
20272,153550.0,53949.0
2028,44927.0,65895.0
20283,7909.0,7013.0
20290,37125.0,55502.0
20314,91198.0,95928.0
20336,48726.0,97062.0
20347,19636.0,19979.0
20357,72000.0,37598.0
20360,81685.0,115011.0
20365,99844.0,124302.0
20367,129418.0,27575.0
20389,44666.0,48659.0
20394,139968.0,93819.0
2040,285000.0,196800.0
20402,125000.0,135871.0
20412,70954.0,75792.0
20431,272283.0,144990.0
20448,58007.0,91066.0
20449,101088.0,100044.0
2045,29951.0,62428.0
2046,160000.0,130280.0
20481,2300.0,8828.0
2049,125296.0,92395.0
20491,63808.0,58805.0
20500,69609.0,40894.0
20537,79108.0,48121.0
20542,81685.0,89794.0
2056,57437.0,31912.0
20563,95299.0,80452.0
20565,131097.0,86020.0
20593,696088.0,173578.0
20594,17975.0,24056.0
20603,58367.0,67885.0
20605,86721.0,65023.0
20614,75410.0,96907.0
20618,47000.0,32500.0
2062,57179.0,100167.0
20624,385000.0,218785.0
20626,160000.0,187806.0
20627,11472.0,101101.0
20634,2876.0,25099.0
20641,139218.0,99587.0
20654,149000.0,203044.0
20658,69609.0,76248.0
20662,27844.0,49852.0
20668,165000.0,118388.0
2067,81835.0,119049.0
20670,450000.0,295902.0
20673,37125.0,41636.0
20687,100000.0,27858.0
207,22456.0,23650.0
2070,130000.0,134592.0
2072,123993.0,182025.0
20726,109222.0,45266.0
20729,67203.0,61394.0
20734,46000.0,26437.0
20749,115000.0,117149.0
20772,15473.0,45277.0
20783,109054.0,35998.0
2079,71929.0,67656.0
20796,63808.0,88464.0
208,70000.0,80057.0
20800,29004.0,54207.0
20803,75472.0,56090.0
20816,64040.0,73060.0
20819,150000.0,128137.0
20831,63808.0,67831.0
20834,155000.0,130994.0
20837,20500.0,5957.0
20850,81685.0,85745.0
20860,78930.0,65540.0
20861,450000.0,214347.0
20874,131325.0,62605.0
20876,87011.0,78490.0
20878,92812.0,61604.0
2089,46406.0,40487.0
20893,150000.0,151689.0
20895,124000.0,161841.0
20907,28398.0,40278.0
20909,41765.0,40919.0
20910,9830.0,7035.0
20933,480000.0,222324.0
2095,166200.0,159897.0
20952,39345.0,39290.0
2096,200635.0,84218.0
20962,87011.0,81654.0
20965,80000.0,74779.0
20971,72000.0,65922.0
2098,23759.0,20938.0
210,78000.0,67940.0
21010,69609.0,98449.0
21021,10528.0,15261.0
21028,220000.0,251460.0
21042,200000.0,125033.0
21054,178000.0,151000.0
21055,27316.0,22472.0
21060,87011.0,91120.0
21061,46406.0,57953.0
21065,144000.0,227067.0
21066,95000.0,125176.0
2107,81210.0,62082.0
21096,210000.0,202349.0
21107,148000.0,133482.0
21120,183000.0,186996.0
21125,183791.0,92806.0
21131,10376.0,28069.0
21134,6400.0,32108.0
21135,150000.0,172511.0
21138,220000.0,123586.0
2114,71279.0,71365.0
2115,165000.0,156648.0
21154,103000.0,143213.0
21165,300000.0,145564.0
21172,85000.0,114687.0
21176,25000.0,195828.0
21188,64968.0,76697.0
212,63808.0,87251.0
21206,290000.0,187689.0
2121,16274.0,17064.0
21220,72958.0,82471.0
21232,90000.0,165907.0
21238,10107.0,6008.0
21241,225000.0,172957.0
21244,64709.0,32258.0
21251,151000.0,156478.0
21259,121815.0,94305.0
21261,180000.0,127322.0
21263,60000.0,233493.0
21275,69609.0,68780.0
21276,39445.0,65029.0
21284,47500.0,96185.0
21295,55000.0,110662.0
2131,120000.0,194321.0
21320,315000.0,186823.0
21333,105000.0,124542.0
21334,81210.0,63352.0
21340,83902.0,98194.0
2135,36758.0,58885.0
21397,8400.0,19526.0
21411,72958.0,70749.0
21416,156000.0,115553.0
21419,260000.0,201337.0
21425,180000.0,175865.0
21428,176984.0,73819.0
21448,81713.0,98571.0
21451,100000.0,152443.0
21456,444449.0,60147.0
21458,255000.0,192893.0
21464,9102.0,20764.0
21466,126000.0,164439.0
21471,259732.0,120749.0
21480,190598.0,104599.0
21483,180000.0,128397.0
21507,163000.0,135224.0
21525,34125.0,43798.0
21531,114545.0,93289.0
21535,5580.0,11283.0
2155,88960.0,46375.0
21554,600000.0,173689.0
2158,69609.0,81312.0
21584,9880.0,23609.0
21591,111374.0,112279.0
21595,210000.0,164533.0
21613,75357.0,64633.0
21619,195028.0,73125.0
21624,110214.0,94707.0
21629,104413.0,98957.0
21637,126239.0,23807.0
21651,110275.0,76751.0
21654,1637.0,22931.0
21657,81210.0,65591.0
21680,95000.0,88028.0
21713,52207.0,56387.0
21718,88368.0,65923.0
21742,46406.0,89289.0
21750,46406.0,84800.0
2176,131000.0,162447.0
21776,299511.0,84670.0
21792,29060.0,17238.0
21808,1937.0,10751.0
21816,12000.0,21155.0
21836,18267.0,29468.0
21859,54527.0,63860.0
21875,29825.0,12611.0
21894,67289.0,64352.0
2192,115085.0,75839.0
21947,70769.0,95599.0
2195,80000.0,98625.0
2196,144400.0,165240.0
2197,58007.0,15125.0
21998,149756.0,136114.0
22005,37938.0,57709.0
22026,116015.0,86309.0
2204,116015.0,131608.0
22059,81210.0,74093.0
22081,181000.0,137314.0
22093,60000.0,42552.0
22113,60000.0,24652.0
22143,67105.0,33677.0
2216,111374.0,121796.0
22160,41765.0,53870.0
22164,52207.0,53083.0
2218,31809.0,19159.0
222,202416.0,73782.0
22206,100933.0,93585.0
22246,127616.0,59817.0
22251,131850.0,135271.0
22255,60328.0,73227.0
2228,136000.0,147945.0
22310,180000.0,156772.0
22312,162421.0,198157.0
22314,15000.0,34447.0
22337,53072.0,9047.0
22355,200000.0,240559.0
22377,174022.0,94720.0
22403,147000.0,193822.0
22414,16242.0,92920.0
22415,6858.0,9269.0
22447,139218.0,84901.0
2245,170000.0,154455.0
22463,74249.0,74911.0
22470,116015.0,113283.0
22474,102000.0,96053.0
2248,91215.0,75991.0
22489,29236.0,11334.0
2249,131325.0,145210.0
22496,68245.0,61821.0
2252,118593.0,80564.0
22521,117082.0,110414.0
22526,75410.0,60257.0
22552,87011.0,64441.0
22567,98612.0,91380.0
22586,175000.0,148976.0
22596,102142.0,121254.0
22614,161968.0,81461.0
22623,160000.0,203537.0
22635,96000.0,35809.0
22641,145000.0,167492.0
22666,210000.0,133655.0
22669,40000.0,92096.0
2267,79570.0,77524.0
22671,160000.0,145346.0
22678,127616.0,75235.0
22689,150000.0,153410.0
2269,120000.0,119825.0
2270,80050.0,89688.0
22705,130000.0,161767.0
22716,133000.0,134978.0
22787,12737.0,15858.0
22794,128000.0,123263.0
22817,650094.0,104987.0
2282,32484.0,14914.0
22827,97514.0,123386.0
22837,60000.0,33600.0
22846,6550.0,79253.0
2285,131445.0,72087.0
2289,104413.0,71885.0
22902,45000.0,157317.0
22906,116015.0,81733.0
2291,3451.0,5726.0
22912,97000.0,118866.0
22933,174682.0,103804.0
22959,57588.0,75670.0
22962,113116.0,131347.0
22966,110000.0,73123.0
23028,46331.0,52626.0
23029,50042.0,87292.0
23037,52207.0,64558.0
23045,34872.0,24251.0
23062,104413.0,87463.0
23078,51145.0,81843.0
231,140000.0,43262.0
23113,93972.0,91187.0
2312,11000.0,123342.0
23145,36768.0,102555.0
23158,24363.0,51407.0
23160,180015.0,138432.0
23166,118335.0,117789.0
23174,232029.0,81308.0
2319,63808.0,49205.0
23201,92812.0,57424.0
2321,125250.0,136900.0
23254,210000.0,160417.0
23279,139218.0,105648.0
23370,52207.0,57193.0
23378,78595.0,75175.0
23403,185000.0,191087.0
2341,97452.0,85699.0
23413,140000.0,24087.0
23437,93611.0,88230.0
2345,165000.0,82380.0
23463,180000.0,158665.0
23507,7641.0,50724.0
23509,104413.0,91124.0
23541,108913.0,82967.0
2360,26795.0,41720.0
23607,70574.0,59424.0
23613,58120.0,12132.0
23621,65780.0,22032.0
2369,81870.0,48805.0
23696,260000.0,232577.0
23707,156563.0,123399.0
2372,98612.0,98866.0
23740,80254.0,71484.0
23771,116015.0,79451.0
23829,210000.0,197492.0
2383,61285.0,49111.0
23830,4776.0,74910.0
23843,160000.0,116688.0
23852,120000.0,186754.0
23860,27898.0,33687.0
23877,118193.0,88630.0
23886,121815.0,107516.0
2390,197225.0,66747.0
23904,170000.0,159953.0
23911,2528.0,4013.0
23933,69609.0,84439.0
2395,200000.0,252628.0
23951,84277.0,77067.0
23952,137659.0,69044.0
23961,149778.0,65861.0
2400,300000.0,263372.0
2401,92812.0,103875.0
24023,65000.0,72668.0
2403,127616.0,88348.0
24058,163370.0,92230.0
24097,110214.0,71843.0
24152,7672.0,7666.0
24154,203000.0,178041.0
2416,101088.0,135426.0
24213,11983.0,16498.0
24218,208826.0,99328.0
24221,110214.0,63028.0
24259,64592.0,56825.0
24268,180000.0,177953.0
24271,170000.0,140796.0
24308,124000.0,141100.0
24335,335000.0,182043.0
24341,41340.0,26794.0
24359,93611.0,113880.0
24361,150000.0,180709.0
24363,32484.0,24345.0
24367,75000.0,71319.0
24371,136141.0,130549.0
24372,75410.0,85101.0
24397,104829.0,91261.0
24412,54000.0,60179.0
24427,68071.0,89600.0
24449,75410.0,87290.0
24465,111000.0,178961.0
2448,116015.0,78839.0
24492,94552.0,104999.0
2452,23203.0,42918.0
24521,330000.0,227194.0
24537,74271.0,59044.0
24567,65000.0,64074.0
24575,23203.0,37718.0
24618,156620.0,130395.0
24624,36407.0,62200.0
24665,39874.0,14344.0
24682,87000.0,87619.0
24685,180000.0,139627.0
24686,71078.0,80705.0
2471,174022.0,80347.0
24714,149565.0,139958.0
24718,164000.0,152562.0
2475,73683.0,56890.0
24752,86631.0,78285.0
24765,148000.0,104712.0
24770,275000.0,171304.0
24784,34936.0,50384.0
248,80000.0,140944.0
2481,60000.0,90834.0
24820,6335.0,10491.0
24845,81262.0,112544.0
24855,55271.0,60325.0
2487,150000.0,123694.0
24871,58120.0,37225.0
24878,130000.0,141729.0
24919,160000.0,163321.0
24921,56379.0,29587.0
24926,116015.0,111914.0
24942,40663.0,58154.0
24968,154991.0,160101.0
24987,52207.0,50328.0
24993,33886.0,66194.0
25005,81262.0,137039.0
2501,140000.0,116184.0
25055,1872.0,25583.0
25079,119033.0,131967.0
25086,1973.0,24020.0
25096,122527.0,127386.0
25099,41846.0,14570.0
2510,125290.0,69473.0
25107,32484.0,66480.0
25108,26141.0,17735.0
25123,44086.0,82292.0
25127,89331.0,75766.0
25137,3275.0,54119.0
25143,46406.0,35752.0
2516,220000.0,200260.0
25175,139218.0,47874.0
25188,116015.0,90462.0
25191,58795.0,86893.0
25225,40000.0,7321.0
25229,76729.0,94861.0
2523,61264.0,85889.0
2525,50000.0,4739.0
25258,34700.0,27400.0
25269,696088.0,36714.0
25277,34804.0,18827.0
25279,68218.0,42494.0
2536,196988.0,114941.0
25391,139218.0,124810.0
25393,40605.0,56954.0
25412,12291.0,7770.0
25420,15009.0,10557.0
25424,69609.0,47836.0
25425,24290.0,17859.0
25427,49158.0,51452.0
25446,162421.0,82782.0
25482,10148.0,29653.0
25484,168421.0,51040.0
25505,123993.0,128312.0
25508,67289.0,72955.0
25513,96000.0,136445.0
25518,45246.0,80939.0
25523,97839.0,89418.0
25525,77383.0,85655.0
25542,56972.0,42711.0
25549,180000.0,136504.0
25573,75410.0,64115.0
25578,97514.0,116372.0
25581,278435.0,108321.0
2559,75410.0,80891.0
25615,63808.0,44189.0
25620,73375.0,97318.0
25636,15355.0,11706.0
25652,9102.0,13146.0
25663,160000.0,41696.0
25675,30222.0,27128.0
25676,70794.0,52203.0
25686,27844.0,50611.0
25697,96000.0,39398.0
25704,123540.0,93037.0
25710,107000.0,97830.0
25721,87011.0,97969.0
2573,160000.0,133448.0
25742,38171.0,26612.0
25771,229235.0,73012.0
25777,180000.0,148234.0
25779,136528.0,39898.0
25781,60000.0,14678.0
25785,35104.0,80959.0
25789,104225.0,103231.0
25792,73262.0,100069.0
25808,54432.0,13398.0
25861,27844.0,30646.0
25866,84267.0,61119.0
25888,89000.0,85466.0
2589,215000.0,103651.0
25892,175000.0,208506.0
25909,74420.0,63085.0
25943,46406.0,43652.0
2595,75000.0,76672.0
25969,139218.0,101491.0
25975,7989.0,12933.0
25980,152000.0,274203.0
25987,120560.0,217301.0
25990,50000.0,43208.0
26011,225000.0,126096.0
26012,188000.0,171721.0
26014,250000.0,205302.0
26017,8834.0,22074.0
26034,35116.0,25815.0
26050,190000.0,126525.0
26060,39521.0,26567.0
26065,26320.0,36318.0
26076,10462.0,14137.0
26091,300000.0,137160.0
26094,18000.0,90201.0
26107,81210.0,85381.0
26110,160000.0,130170.0
26113,140000.0,113450.0
26121,160000.0,103013.0
26142,100000.0,119063.0
26152,27844.0,21348.0
26168,96870.0,39267.0
26169,158000.0,137885.0
26176,250000.0,158684.0
2619,80000.0,103516.0
26203,63808.0,64734.0
26216,83531.0,72617.0
26217,42412.0,28487.0
2623,180000.0,236202.0
26254,129334.0,153791.0
26262,105000.0,118353.0
26279,5801.0,84050.0
26291,50000.0,55003.0
26294,130992.0,45413.0
2630,70554.0,97470.0
26307,75000.0,80202.0
26313,51851.0,70522.0
26327,2121.0,26958.0
26335,96300.0,100636.0
26336,75000.0,45562.0
26341,380651.0,156566.0
26362,35477.0,15249.0
26384,104000.0,125734.0
26391,40048.0,28922.0
26395,110000.0,140439.0
26399,78959.0,34641.0
26413,383591.0,25369.0
26422,64927.0,22420.0
26432,85000.0,98092.0
26437,43689.0,52677.0
26446,23114.0,66847.0
26451,88413.0,134406.0
26464,180000.0,177351.0
26473,100000.0,146341.0
26475,43993.0,35683.0
26478,25485.0,18633.0
26488,63808.0,66381.0
26501,199176.0,103329.0
26503,97452.0,57041.0
26504,235000.0,222599.0
26508,57342.0,65754.0
26512,440000.0,232119.0
26519,696088.0,98476.0
26527,30000.0,23346.0
2653,60038.0,63624.0
26540,38228.0,51693.0
26546,118602.0,56077.0
2655,116015.0,71816.0
26552,102400.0,100833.0
26562,99388.0,82371.0
2658,55346.0,52021.0
26582,218000.0,178699.0
2659,150000.0,210470.0
26599,182396.0,133186.0
26601,32988.0,25418.0
26618,95596.0,61575.0
2662,77730.0,84017.0
26649,290592.0,104388.0
26662,18598.0,53437.0
26673,34804.0,50525.0
26678,169426.0,160334.0
2668,109222.0,58442.0
26681,58007.0,46000.0
26687,234337.0,59011.0
26688,49886.0,53609.0
26693,237830.0,55531.0
2670,115707.0,102392.0
26703,46406.0,61515.0
26723,97452.0,94376.0
26745,87134.0,19513.0
26761,34108.0,66837.0
26763,88647.0,69192.0
2677,211782.0,91551.0
26779,58007.0,55743.0
2678,65663.0,68999.0
26791,25722.0,14326.0
268,79043.0,35936.0
26837,63808.0,48677.0
26838,58007.0,57266.0
2684,130000.0,159984.0
2686,150819.0,87822.0
26863,232029.0,118793.0
2688,85769.0,119447.0
26882,11869.0,20273.0
26894,63808.0,70129.0
26897,98612.0,72022.0
26901,41765.0,57344.0
26907,87011.0,53585.0
26917,63808.0,57119.0
26920,39521.0,34611.0
26923,290037.0,157218.0
26926,99194.0,85178.0
26936,69609.0,66288.0
26942,75000.0,16564.0
26945,20458.0,17391.0
26950,24000.0,7348.0
26955,34804.0,43424.0
26967,124416.0,119810.0
26974,4793.0,11235.0
2700,45246.0,59065.0
27006,62648.0,50348.0
27007,113694.0,88857.0
27011,88492.0,90875.0
27014,234543.0,143737.0
27015,147071.0,116600.0
2702,160000.0,135678.0
27022,1085.0,18155.0
27035,69609.0,59458.0
27037,104413.0,101335.0
27052,124136.0,95402.0
27053,52207.0,59597.0
27058,51276.0,6577.0
27075,29004.0,38243.0
27090,50372.0,53232.0
27102,109160.0,55570.0
27127,19761.0,26589.0
2713,139218.0,79061.0
27130,8779.0,17372.0
2714,72600.0,50947.0
27141,22319.0,55662.0
27144,17436.0,19088.0
2715,174022.0,86446.0
27150,90000.0,50474.0
27153,45464.0,44468.0
27177,65348.0,93213.0
27178,88243.0,112563.0
27200,65237.0,53151.0
27203,11133.0,19417.0
27219,36000.0,27919.0
27225,13780.0,10161.0
27242,73936.0,87497.0
27244,85271.0,70883.0
27251,92812.0,102866.0
27259,10871.0,90672.0
2726,696088.0,281354.0
27303,31857.0,40522.0
27312,69609.0,75383.0
27317,26735.0,30484.0
27321,69609.0,54057.0
27324,151000.0,151597.0
27328,81210.0,105374.0
27330,56561.0,57607.0
27333,22924.0,37049.0
27359,112000.0,120698.0
2737,78959.0,34606.0
27370,116015.0,121241.0
27378,237115.0,106813.0
27404,121111.0,97393.0
27415,75410.0,51175.0
27416,175000.0,120717.0
27419,95000.0,102763.0
27423,139218.0,80939.0
27431,77517.0,143874.0
27445,170000.0,146925.0
27449,135000.0,124965.0
27455,69609.0,63236.0
27473,92812.0,95888.0
27477,150000.0,179489.0
27485,98244.0,71557.0
27495,48726.0,91354.0
27506,46918.0,70632.0
27512,119271.0,32605.0
27513,58007.0,34805.0
27514,136000.0,121427.0
27518,1910.0,29642.0
27522,232000.0,151258.0
27539,54527.0,79243.0
27558,170000.0,153433.0
27561,50000.0,97438.0
27565,152000.0,143960.0
27574,147500.0,138716.0
27576,69310.0,99741.0
27582,53589.0,46096.0
27595,6974.0,21548.0
27603,20303.0,29682.0
27610,87550.0,95839.0
27613,54527.0,64963.0
27616,52207.0,66094.0
27620,189000.0,187722.0
27640,146189.0,64002.0
2765,41868.0,42074.0
27653,371247.0,88470.0
27668,150000.0,125171.0
27679,81210.0,89232.0
27705,160000.0,107091.0
27709,133417.0,91791.0
2771,67464.0,67867.0
27710,69609.0,64070.0
2772,16242.0,36759.0
27725,110000.0,226460.0
2773,62625.0,73504.0
27732,61635.0,52667.0
27733,91198.0,117509.0
27753,42345.0,35854.0
27763,80505.0,49060.0
27769,43322.0,60255.0
27774,74249.0,37292.0
27790,133919.0,89993.0
27795,8221.0,14427.0
27812,20883.0,28528.0
27821,72958.0,109779.0
27824,88000.0,110535.0
27842,101546.0,28055.0
27845,60000.0,137433.0
27849,74248.0,35763.0
2785,143000.0,161064.0
27881,250000.0,125937.0
27892,72160.0,56047.0
27901,47285.0,44013.0
27934,63808.0,56077.0
27938,90000.0,155123.0
27953,64968.0,76613.0
27957,135000.0,118337.0
2796,87550.0,113109.0
27960,90491.0,95048.0
27969,3787.0,38865.0
27986,59167.0,78664.0
28002,20883.0,6996.0
28006,80050.0,28625.0
2801,73089.0,60223.0
28020,64040.0,71771.0
28023,54457.0,66853.0
28032,69331.0,54090.0
28035,22038.0,27436.0
28042,32484.0,54522.0
28045,17436.0,32998.0
28083,139218.0,49860.0
28115,33644.0,38365.0
2812,40605.0,40761.0
28123,83920.0,75376.0
28124,81210.0,83669.0
28129,238248.0,148218.0
28133,41640.0,17741.0
28141,81685.0,71826.0
28147,53947.0,54445.0
28156,92812.0,103245.0
28161,300000.0,17324.0
28175,83509.0,68805.0
28189,121074.0,32862.0
28196,75410.0,92988.0
28198,116015.0,68641.0
28199,29060.0,24542.0
28206,114359.0,115182.0
28219,67203.0,65665.0
28221,83046.0,81978.0
28229,27290.0,45207.0
28236,20631.0,19760.0
2824,87011.0,97334.0
28240,6902.0,7579.0
28241,105660.0,64680.0
28243,33778.0,24323.0
28249,130000.0,42749.0
2825,87011.0,78512.0
28266,76516.0,105295.0
2827,72958.0,81412.0
28277,82469.0,83999.0
28281,77730.0,69188.0
28303,9000.0,22905.0
28304,110516.0,114602.0
28317,53367.0,87314.0
28320,24000.0,25765.0
28328,73089.0,87635.0
28347,76570.0,34316.0
28355,94846.0,78467.0
28360,13922.0,7696.0
28370,92812.0,75188.0
28376,47932.0,17583.0
28388,139218.0,88101.0
28398,46541.0,60622.0
28407,71200.0,37923.0
28413,116015.0,100479.0
28417,30000.0,8334.0
28435,76412.0,70619.0
2844,35584.0,48752.0
28463,40684.0,60939.0
28468,12223.0,10773.0
28472,145000.0,145262.0
28485,116015.0,88092.0
28489,29958.0,25840.0
28493,83858.0,20119.0
28500,154000.0,135029.0
28506,34804.0,82514.0
28510,116015.0,58631.0
28522,104829.0,89220.0
28524,61171.0,64884.0
28532,87304.0,47023.0
28535,58007.0,80991.0
28540,10713.0,61869.0
28553,99194.0,121251.0
28567,70000.0,119688.0
2857,5461.0,18346.0
28583,60000.0,91824.0
28584,18000.0,23973.0
28594,150000.0,172350.0
286,23203.0,48910.0
28603,75410.0,58731.0
28621,160000.0,153524.0
28623,46116.0,26947.0
28628,102093.0,95822.0
28633,200000.0,156469.0
28644,120000.0,135350.0
28659,51046.0,46007.0
28661,60000.0,38434.0
28674,92812.0,84798.0
28676,48000.0,114148.0
28689,145000.0,154707.0
28697,11504.0,74772.0
287,81685.0,57107.0
28709,185000.0,132949.0
28711,99773.0,91314.0
28723,20132.0,10312.0
28727,1691.0,40653.0
28749,69502.0,13354.0
2875,120000.0,104964.0
28750,116015.0,50739.0
28756,163370.0,103606.0
28766,176485.0,104349.0
28768,104000.0,182498.0
28791,64505.0,56846.0
288,106000.0,85992.0
2881,58007.0,66789.0
28810,62000.0,88506.0
28819,56847.0,54230.0
2883,81685.0,99607.0
28831,58007.0,73394.0
28834,57079.0,44294.0
28837,5089.0,7072.0
2884,36407.0,36808.0
28862,200000.0,141947.0
2887,125000.0,143837.0
28875,68134.0,66095.0
28877,54507.0,62862.0
28878,104000.0,121433.0
28892,42111.0,31148.0
28901,1246.0,13958.0
28905,69609.0,36427.0
28910,108723.0,79530.0
28930,120000.0,115005.0
28939,36407.0,46609.0
28952,95515.0,76956.0
28956,43139.0,47849.0
28966,90000.0,132091.0
28977,50000.0,91337.0
28979,64040.0,53159.0
28980,3595.0,20739.0
28990,58320.0,57967.0
28993,193901.0,46738.0
29,78000.0,29650.0
29005,71929.0,60020.0
29015,125000.0,161268.0
29017,105000.0,109294.0
29027,130000.0,73298.0
29029,154000.0,186721.0
29038,29004.0,31388.0
29043,78959.0,21441.0
29050,133417.0,102169.0
29059,38285.0,45066.0
29074,230000.0,190723.0
29075,65586.0,24272.0
29083,170000.0,116141.0
29085,9175.0,22592.0
29099,150000.0,114016.0
29120,20388.0,46891.0
29124,109438.0,110175.0
29127,120000.0,140476.0
29131,4185.0,10233.0
29135,117500.0,116073.0
2914,139218.0,118079.0
29160,21206.0,27850.0
29169,340000.0,183560.0
29171,109438.0,98867.0
29174,3468.0,43255.0
29195,74761.0,70167.0
29214,24410.0,38825.0
29228,54212.0,69605.0
29232,67105.0,29109.0
29256,107644.0,75817.0
29269,7668.0,39561.0
29274,170000.0,162893.0
2928,125000.0,142608.0
29301,29060.0,41041.0
29306,8639.0,13162.0
29308,109160.0,59985.0
29310,78306.0,89158.0
29356,72608.0,35192.0
29357,91013.0,90155.0
29362,113947.0,26768.0
29370,89331.0,66947.0
29375,98164.0,104468.0
29378,46406.0,63861.0
29382,34544.0,67671.0
29387,55258.0,83423.0
2940,133000.0,33636.0
29411,20400.0,19732.0
29424,71823.0,36350.0
29441,139218.0,90130.0
29442,1199.0,7985.0
29447,67289.0,88501.0
29459,13949.0,17560.0
29478,29757.0,117489.0
29490,34804.0,19395.0
29491,33553.0,21299.0
29495,122527.0,92065.0
29502,59529.0,60916.0
29520,130019.0,137314.0
29553,78962.0,78902.0
29585,72393.0,84455.0
29589,48726.0,73035.0
29599,37591.0,16217.0
29635,81761.0,72760.0
29655,127864.0,48811.0
29665,88171.0,75994.0
29668,116015.0,92089.0
29685,42572.0,59397.0
29694,2822.0,77681.0
2971,142592.0,152814.0
29710,37125.0,44715.0
2972,62000.0,119102.0
29725,115667.0,109792.0
29726,300000.0,41758.0
29750,96377.0,78560.0
29757,92812.0,79072.0
29760,52207.0,80491.0
29765,50000.0,47610.0
29768,52207.0,44065.0
29769,23495.0,15399.0
29779,45246.0,84353.0
29798,92812.0,77929.0
29812,96292.0,91581.0
29824,75216.0,17285.0
29841,64337.0,85120.0
29850,8428.0,11826.0
29868,111374.0,108202.0
29871,117082.0,96720.0
29878,69609.0,79111.0
2988,200000.0,203474.0
29900,275000.0,170179.0
29901,47445.0,43868.0
29932,1674.0,13002.0
29943,5370.0,54676.0
29947,150000.0,20564.0
2995,99464.0,75637.0
29966,92812.0,65588.0
29990,97452.0,86432.0
30020,45826.0,78541.0
30031,49011.0,72039.0
30037,48750.0,52551.0
30051,3118.0,13584.0
30069,37125.0,39260.0
30079,165000.0,128327.0
3009,70000.0,104157.0
30103,23008.0,10635.0
30104,8119.0,8131.0
30108,46806.0,91451.0
30123,70125.0,87053.0
30124,75556.0,21809.0
30159,77000.0,118585.0
30164,15109.0,18738.0
30178,40605.0,56052.0
30239,166400.0,199223.0
30244,128895.0,140223.0
30260,16274.0,8939.0
30262,165000.0,163577.0
30266,85000.0,119462.0
30273,72958.0,91770.0
30274,89118.0,77091.0
30298,47492.0,25558.0
30344,92992.0,38611.0
30347,137500.0,103100.0
30354,118000.0,95572.0
30357,100933.0,94893.0
30365,92812.0,101756.0
30374,72000.0,79201.0
3038,110516.0,98804.0
30382,220000.0,164596.0
30389,208826.0,21598.0
30400,370000.0,187338.0
30443,61574.0,83434.0
30454,84000.0,109128.0
30466,83857.0,83193.0
30467,81210.0,69334.0
30495,1007.0,19883.0
30497,148791.0,160912.0
30499,3190.0,70937.0
30503,68071.0,92533.0
30505,110214.0,78831.0
30512,57179.0,66942.0
30525,1820.0,34874.0
30548,67868.0,64433.0
30560,190000.0,190671.0
30577,210000.0,223633.0
30587,54611.0,66480.0
30603,135000.0,192153.0
30616,182396.0,103010.0
30624,63808.0,66496.0
3063,2602.0,49589.0
30639,94339.0,106328.0
30650,145917.0,80298.0
30657,60377.0,67371.0
3066,17436.0,18557.0
30663,60000.0,140609.0
30688,250000.0,300128.0
30698,185000.0,284986.0
307,116015.0,121015.0
30704,286041.0,138542.0
30705,23518.0,7664.0
30713,10462.0,7296.0
30714,260000.0,169315.0
30730,3064.0,13376.0
30739,9192.0,9766.0
3075,16714.0,59736.0
30776,12000.0,31131.0
30780,66259.0,55913.0
30817,71899.0,35610.0
30827,5812.0,34842.0
30835,116733.0,111096.0
30837,6961.0,40684.0
30840,118593.0,93712.0
30851,61109.0,55092.0
30865,13949.0,19413.0
3087,200000.0,190365.0
30871,103769.0,116687.0
30875,97514.0,85374.0
3089,116733.0,94609.0
30909,65000.0,106189.0
30919,174022.0,73727.0
30932,58584.0,22982.0
30939,111428.0,52357.0
3094,78011.0,87551.0
30943,32484.0,67151.0
30952,8915.0,11280.0
30964,108710.0,96888.0
3098,40000.0,74237.0
30980,87011.0,52727.0
30991,1678.0,10651.0
30995,24238.0,29035.0
31000,41786.0,34323.0
31010,100933.0,79217.0
31018,60000.0,20035.0
31019,69609.0,60224.0
31029,1400.0,9905.0
31030,46406.0,67554.0
3106,210000.0,142424.0
31071,75410.0,95571.0
31074,139218.0,106679.0
31078,29004.0,42267.0
31088,7323.0,24332.0
31131,34804.0,18602.0
31138,109367.0,96962.0
3114,102715.0,94402.0
31144,197225.0,101758.0
31158,105394.0,111534.0
31170,106733.0,97406.0
31185,20883.0,40005.0
31199,127616.0,96514.0
31214,272283.0,75032.0
31217,106733.0,73018.0
31223,108913.0,83806.0
31230,105394.0,124656.0
31231,132000.0,85311.0
31256,42416.0,23538.0
31259,37125.0,39884.0
31299,122805.0,71911.0
3130,84512.0,104218.0
31307,65528.0,66715.0
31326,278435.0,75554.0
31329,162421.0,130512.0
31338,1602.0,12891.0
3134,16822.0,46529.0
31342,66128.0,55071.0
3137,97855.0,53168.0
3138,110000.0,142371.0
31402,88492.0,112362.0
31421,75410.0,82968.0
31434,6044.0,11128.0
3144,87341.0,85867.0
31458,29060.0,48646.0
31479,132576.0,113527.0
31489,650000.0,158350.0
3153,100000.0,167849.0
31530,58007.0,59805.0
31531,110000.0,138673.0
31570,93639.0,86451.0
31573,69609.0,97980.0
31595,25523.0,57099.0
31603,88000.0,123118.0
3162,1316.0,22521.0
31622,81210.0,61351.0
31626,87550.0,88278.0
31628,140000.0,142401.0
3163,108000.0,194847.0
31643,81685.0,60028.0
31655,38285.0,72717.0
31672,4650.0,5617.0
31678,17436.0,47701.0
31680,13996.0,15763.0
31684,63808.0,95927.0
317,34804.0,61776.0
3171,55687.0,78872.0
3172,97514.0,97981.0
31722,163370.0,101978.0
31724,3116.0,11978.0
31731,104829.0,111400.0
31733,224000.0,136026.0
31745,37125.0,58742.0
31746,60328.0,64799.0
3176,75877.0,118222.0
31780,70000.0,38984.0
31791,116015.0,91833.0
31797,150000.0,168228.0
31864,170000.0,140004.0
31868,113000.0,150261.0
31871,162000.0,133452.0
31883,30946.0,56853.0
31886,49886.0,47823.0
31897,116015.0,86007.0
31899,200000.0,171080.0
3191,1162.0,28178.0
31910,10171.0,8016.0
3193,94846.0,57449.0
31949,75410.0,69571.0
31963,17792.0,20299.0
31986,91600.0,104890.0
31988,150000.0,130925.0
31995,278435.0,81522.0
31997,45873.0,50763.0
32,250000.0,169966.0
32005,69862.0,40493.0
3203,107916.0,117941.0
32035,85000.0,123850.0
32038,696088.0,98303.0
32042,68134.0,74265.0
32044,115304.0,92732.0
32083,65000.0,137107.0
32093,1358.0,26212.0
3213,5267.0,6212.0
32145,120000.0,121302.0
32190,48000.0,27793.0
32266,97514.0,93238.0
32269,34872.0,60624.0
3227,300000.0,186620.0
32271,14562.0,9922.0
32276,93972.0,71960.0
32286,49886.0,58119.0
32290,64674.0,42802.0
32299,9166.0,71314.0
32309,68637.0,65636.0
32318,53651.0,21910.0
32320,15149.0,17504.0
32330,1007.0,42616.0
32331,69744.0,52835.0
3234,34804.0,72273.0
3236,61759.0,125912.0
3238,99935.0,46028.0
324,19345.0,51080.0
3240,100000.0,82657.0
32405,136450.0,52728.0
32430,34804.0,55945.0
32463,5392.0,53661.0
32478,8137.0,16344.0
32483,82623.0,91288.0
32488,51046.0,45208.0
32522,69163.0,30896.0
32523,6974.0,13315.0
3253,95000.0,137295.0
32544,92812.0,95752.0
3256,13000.0,69109.0
32566,89331.0,70150.0
32590,204212.0,116513.0
32595,18204.0,26605.0
32597,109054.0,101696.0
32620,104464.0,70397.0
32637,217420.0,107847.0
32684,120000.0,137654.0
32696,5209.0,25964.0
32706,111374.0,68290.0
32746,151359.0,121769.0
32750,2092.0,10313.0
3276,58508.0,71571.0
32766,10922.0,25571.0
32784,250000.0,201366.0
32796,75000.0,38432.0
328,58367.0,62833.0
3280,82000.0,87420.0
3282,127677.0,113432.0
32839,21070.0,6723.0
32864,105313.0,55359.0
32881,90143.0,119666.0
32887,53021.0,37897.0
32917,75410.0,70796.0
32940,74249.0,82438.0
32950,150000.0,141713.0
32975,180000.0,147893.0
32985,35949.0,16312.0
32991,25071.0,44414.0
330,52207.0,54185.0
3300,232000.0,142706.0
33006,2950.0,6468.0
33020,24740.0,26662.0
3303,210000.0,148567.0
33035,104413.0,97323.0
33038,161191.0,151836.0
3306,190000.0,139325.0
33063,82370.0,87297.0
33070,28759.0,15253.0
33074,11880.0,11392.0
33099,50060.0,47123.0
3311,100000.0,148827.0
33112,1073.0,92518.0
3312,185000.0,141339.0
33130,90233.0,70608.0
33146,220000.0,175230.0
3316,227533.0,117233.0
33162,12233.0,9572.0
3317,48188.0,56583.0
33173,28066.0,33415.0
33187,130000.0,144715.0
33194,78962.0,102483.0
33196,20358.0,14272.0
3320,200000.0,136773.0
33206,39000.0,59933.0
33229,14530.0,7785.0
33236,2397.0,64962.0
33251,19085.0,12601.0
33256,215000.0,148616.0
3326,45507.0,39787.0
33343,46406.0,67364.0
33346,41765.0,42745.0
33347,58007.0,108026.0
3335,104015.0,127408.0
3340,6974.0,26335.0
33402,43217.0,47238.0
33422,1595.0,3968.0
33430,73089.0,62363.0
33433,34872.0,30345.0
33462,81210.0,91135.0
33485,92812.0,79111.0
33499,32484.0,45286.0
33518,52207.0,52211.0
33530,69609.0,60038.0
33546,103717.0,88544.0
3358,97514.0,116696.0
33597,291833.0,97569.0
3360,19503.0,107196.0
33608,300000.0,202301.0
33626,84000.0,67408.0
33637,300000.0,160450.0
33648,62893.0,60167.0
3367,100000.0,78976.0
33671,9750.0,62081.0
33721,110214.0,87353.0
33724,53376.0,64130.0
3373,7354.0,21931.0
33744,3898.0,6287.0
3377,104015.0,86909.0
33774,16274.0,32561.0
33780,145000.0,136506.0
33796,170000.0,200840.0
33815,185310.0,107169.0
33826,127973.0,121911.0
33833,8843.0,4595.0
33883,272283.0,61232.0
33888,400000.0,228524.0
33924,67653.0,134366.0
3393,12069.0,13073.0
33962,22100.0,17291.0
3397,80254.0,107229.0
33972,27844.0,17780.0
33976,12291.0,11674.0
33985,56908.0,60747.0
33992,44015.0,56036.0
34000,141000.0,93587.0
34017,38206.0,33777.0
3406,162523.0,145559.0
34073,13949.0,22001.0
34097,41180.0,64319.0
34098,150588.0,101701.0
3410,11464.0,23181.0
34102,125000.0,97509.0
3411,116240.0,27967.0
34115,4363.0,9862.0
34122,52411.0,61174.0
34125,111428.0,59293.0
3414,31324.0,16635.0
34151,68530.0,66264.0
34168,60328.0,66859.0
342,127616.0,97537.0
3421,90353.0,91057.0
3422,84512.0,100126.0
34220,9935.0,12745.0
34223,92812.0,77772.0
34224,250000.0,149805.0
34247,81210.0,96774.0
34258,58120.0,36888.0
34260,69609.0,80965.0
3427,62769.0,42377.0
34275,85401.0,67527.0
3428,107078.0,59026.0
34280,44086.0,53553.0
34281,167390.0,180767.0
3429,200000.0,194580.0
34296,68291.0,93989.0
34300,202177.0,119924.0
34301,5000.0,42470.0
34307,8137.0,11394.0
34312,97452.0,73865.0
34314,8137.0,5618.0
34326,46406.0,50715.0
34329,50496.0,24110.0
34333,116015.0,105629.0
34342,84691.0,70655.0
3436,10462.0,26863.0
34370,6277.0,9807.0
34376,9299.0,6556.0
34379,60038.0,67566.0
34383,59167.0,86452.0
34385,6221.0,86892.0
34389,8514.0,11717.0
344,70994.0,52433.0
3441,100000.0,156765.0
34422,109357.0,92457.0
34424,1473.0,5160.0
34448,10313.0,6639.0
3447,51816.0,62059.0
34470,67289.0,87696.0
34483,83531.0,74565.0
34494,108710.0,66185.0
34495,16338.0,48148.0
34507,147071.0,96081.0
34511,15592.0,9249.0
34516,72644.0,37092.0
34517,123993.0,122667.0
34520,23720.0,28432.0
34549,52207.0,90694.0
34564,51767.0,47732.0
34597,84808.0,69021.0
3460,75410.0,101799.0
34604,8369.0,11200.0
34605,6618.0,30827.0
3464,40605.0,56015.0
34643,92812.0,83813.0
34653,103702.0,94569.0
34662,33944.0,35329.0
34685,78000.0,94914.0
34688,205000.0,133076.0
34690,141720.0,134005.0
34698,250000.0,149412.0
34705,41533.0,44783.0
3471,110214.0,72536.0
34711,66666.0,55257.0
34716,95299.0,98539.0
34719,105000.0,135549.0
34722,70305.0,79105.0
34724,125000.0,142704.0
34728,250000.0,177362.0
34742,83531.0,35616.0
34745,58007.0,77377.0
34751,98244.0,68159.0
34755,101000.0,74986.0
3476,36000.0,70611.0
34768,50372.0,66738.0
34791,23679.0,14112.0
34808,96292.0,89279.0
34809,41765.0,66974.0
34811,155000.0,122830.0
34819,112000.0,170888.0
34821,135000.0,96437.0
34828,110000.0,128931.0
34839,36893.0,52968.0
34841,5727.0,12548.0
34849,52000.0,72836.0
34852,66845.0,37769.0
34864,47334.0,75859.0
34865,127616.0,114790.0
3487,81368.0,46026.0
34870,104413.0,79518.0
34874,104413.0,62572.0
34886,17436.0,6327.0
34897,69609.0,91738.0
34917,115720.0,94123.0
3493,123518.0,112990.0
34941,87011.0,89383.0
34947,7000.0,62898.0
34968,1018.0,7763.0
34973,20883.0,23704.0
34976,696088.0,121432.0
34983,10922.0,8856.0
34993,108000.0,146035.0
34997,300000.0,258091.0
350,163370.0,96126.0
35006,54611.0,77526.0
35022,170000.0,147678.0
35035,70794.0,139939.0
35039,75410.0,62794.0
3504,135000.0,94782.0
35041,67400.0,71035.0
35053,190598.0,108984.0
35056,120000.0,159923.0
35061,94846.0,84170.0
35074,104413.0,80825.0
35078,54295.0,61851.0
35082,140000.0,141529.0
35096,92812.0,92464.0
35099,240000.0,215347.0
351,81210.0,90789.0
35103,13099.0,22744.0
35114,197225.0,84033.0
35120,190598.0,90576.0
35123,145000.0,181218.0
35125,91829.0,22834.0
3513,18011.0,66741.0
35144,260000.0,148782.0
35165,3316.0,28171.0
35170,97500.0,53384.0
35204,58007.0,55410.0
3521,118335.0,90939.0
35220,34804.0,90612.0
35246,3487.0,12160.0
3525,300000.0,191452.0
35258,115000.0,127823.0
35275,180000.0,163367.0
35296,696088.0,210722.0
35301,220000.0,175668.0
35302,170177.0,95542.0
35303,12624.0,16087.0
35313,25485.0,46033.0
35327,245055.0,126755.0
35335,140000.0,176398.0
3534,78890.0,54021.0
35340,55000.0,23863.0
35344,104413.0,102103.0
3536,20057.0,43196.0
35388,94712.0,93947.0
35394,39445.0,28962.0
35399,83203.0,72763.0
35411,148000.0,164284.0
35420,63808.0,62791.0
35432,70000.0,117233.0
35438,30222.0,31417.0
3544,136141.0,115615.0
35441,5000.0,38365.0
35465,82709.0,58944.0
35471,43689.0,35887.0
35489,58007.0,61020.0
3549,400000.0,183777.0
35494,116015.0,87023.0
35495,100005.0,88410.0
35520,17402.0,13942.0
35532,134973.0,77247.0
35542,165000.0,153769.0
35580,91198.0,100265.0
35582,130000.0,111650.0
35583,69609.0,137385.0
35590,40605.0,100057.0
35592,23347.0,50439.0
35595,140000.0,122569.0
35599,104413.0,87108.0
35600,85769.0,118748.0
3561,6974.0,5827.0
3563,180000.0,129272.0
35646,175000.0,132336.0
3565,68449.0,37908.0
35675,182037.0,31029.0
35676,150000.0,196901.0
35682,39006.0,45769.0
3569,135000.0,147494.0
35690,70000.0,45386.0
35705,54212.0,59006.0
35731,74761.0,79369.0
35733,110516.0,127323.0
35734,69271.0,67467.0
35736,123518.0,99538.0
35742,180000.0,118066.0
35745,62000.0,128748.0
35752,96033.0,85556.0
35760,110000.0,166610.0
35761,180000.0,200859.0
35778,4185.0,5529.0
35787,68071.0,90550.0
35813,10908.0,39970.0
35815,136392.0,152253.0
35817,36847.0,32520.0
3582,81870.0,69574.0
35824,8656.0,72430.0
35828,150000.0,99574.0
35837,41765.0,76956.0
35849,81210.0,92793.0
35851,174022.0,89380.0
35855,89427.0,79936.0
35857,125931.0,114118.0
3586,58007.0,98888.0
35870,39445.0,32847.0
35874,153835.0,91650.0
35886,3759.0,24612.0
35887,58183.0,62216.0
35895,75410.0,56524.0
35898,21600.0,12357.0
35904,2325.0,7904.0
35907,40483.0,89324.0
3591,58007.0,91860.0
35917,3387.0,12881.0
35920,26683.0,35583.0
35924,27802.0,56973.0
35942,83531.0,78995.0
35948,49886.0,50239.0
3595,47566.0,70248.0
35953,92812.0,72104.0
35961,53292.0,87550.0
35966,68071.0,100336.0
35970,31904.0,31543.0
35974,16274.0,26356.0
35977,1400.0,7761.0
35982,63808.0,74868.0
35986,41846.0,59283.0
35987,155521.0,136121.0
35990,55727.0,12554.0
36003,49886.0,55510.0
36028,68553.0,49338.0
36039,2455.0,7276.0
36041,60000.0,40002.0
36044,29179.0,52825.0
36046,9586.0,8357.0
36053,137503.0,130833.0
36077,40605.0,68354.0
36078,87763.0,88121.0
3608,32764.0,79796.0
36087,20024.0,33032.0
36088,59202.0,43855.0
3609,96292.0,78181.0
36094,4916.0,8219.0
3610,132672.0,128480.0
36100,129334.0,82767.0
3611,92812.0,66550.0
36117,127616.0,70753.0
36123,2902.0,42974.0
36124,6974.0,6606.0
36128,52207.0,56661.0
36131,32000.0,9263.0
36134,98494.0,108868.0
36161,43331.0,54085.0
36168,37325.0,81731.0
3618,68449.0,71582.0
36197,81685.0,86941.0
362,150000.0,145851.0
36200,162736.0,19576.0
36229,60328.0,97541.0
36257,62648.0,67436.0
3626,64592.0,84565.0
36275,26004.0,69680.0
36280,58007.0,50893.0
36284,111374.0,103839.0
36286,59167.0,76459.0
36287,42000.0,76848.0
36292,140000.0,184657.0
36296,43565.0,44212.0
36301,63120.0,51357.0
36309,69609.0,38876.0
36316,62893.0,87100.0
36318,73089.0,67492.0
36349,91928.0,98435.0
3635,83571.0,61578.0
36353,37135.0,37428.0
36354,64384.0,78260.0
3637,162421.0,49049.0
36397,231441.0,100750.0
36401,20000.0,123493.0
3641,11624.0,16676.0
36423,92812.0,71550.0
36430,23203.0,27107.0
36431,156620.0,105448.0
36435,39320.0,40549.0
36443,30222.0,39901.0
36463,74843.0,73396.0
36473,135000.0,172442.0
36478,48882.0,89903.0
36479,15662.0,24140.0
36489,39445.0,57350.0
3649,225000.0,163371.0
36499,49122.0,52730.0
36506,95000.0,173531.0
36525,220000.0,136528.0
3654,81210.0,69818.0
36546,58007.0,51578.0
36552,179000.0,175335.0
36556,62000.0,139758.0
36561,237000.0,182202.0
36571,45246.0,18916.0
36572,116015.0,58046.0
36588,150000.0,140926.0
36591,16967.0,17211.0
36592,46406.0,74856.0
36614,150000.0,147076.0
36638,126340.0,106209.0
36649,12273.0,25886.0
36652,5205.0,50105.0
36687,100285.0,151952.0
36693,76097.0,61071.0
36701,133417.0,72434.0
3671,9818.0,8122.0
36714,87550.0,86780.0
36718,365000.0,186498.0
36727,225000.0,135780.0
3673,27420.0,34328.0
36734,63808.0,44205.0
36741,696088.0,279776.0
36748,240000.0,161593.0
36749,130019.0,125509.0
36764,118317.0,110445.0
36777,57224.0,52247.0
3678,67289.0,62135.0
36780,42000.0,153965.0
36781,2000.0,48223.0
36782,40000.0,118820.0
36785,72154.0,52225.0
36789,42165.0,42077.0
36792,120000.0,57345.0
36826,230000.0,183106.0
3684,58120.0,35414.0
36841,15111.0,20184.0
36853,185983.0,41056.0
36856,220000.0,199083.0
36859,3000.0,14961.0
36863,3002.0,32170.0
36864,52928.0,31560.0
36868,1141.0,82047.0
36873,121815.0,86059.0
36884,24838.0,26353.0
36887,73375.0,78259.0
3689,150819.0,93332.0
36901,94846.0,75253.0
36902,70000.0,21732.0
3691,78382.0,82713.0
36919,66128.0,63308.0
36921,58587.0,65612.0
36929,46406.0,69949.0
3693,48726.0,60508.0
3697,63808.0,80228.0
36970,25652.0,9378.0
36983,38777.0,16193.0
36990,116015.0,87933.0
36991,25248.0,14707.0
36992,45879.0,105288.0
36998,75817.0,43269.0
37002,27844.0,43967.0
37004,50691.0,47190.0
37006,48726.0,84889.0
37010,110516.0,139528.0
37017,25523.0,41920.0
37019,113766.0,137276.0
3702,74889.0,95644.0
37022,48726.0,56128.0
37029,25573.0,31544.0
37042,46406.0,65663.0
37051,58007.0,84522.0
37052,79223.0,90185.0
37059,88945.0,93905.0
37066,94868.0,135708.0
37068,46337.0,28010.0
37072,58007.0,60329.0
37081,150000.0,128985.0
37082,46406.0,71223.0
37083,46406.0,81662.0
3709,46406.0,54003.0
37094,85851.0,105753.0
37102,97452.0,66428.0
37105,2790.0,5444.0
37106,104015.0,154735.0
37113,74878.0,118597.0
37117,84691.0,62565.0
3712,10462.0,18199.0
37129,62032.0,56246.0
37131,135000.0,130548.0
37136,22043.0,14769.0
37140,46406.0,62588.0
37145,59962.0,76289.0
37148,250000.0,168981.0
37149,39445.0,53047.0
37159,28424.0,44972.0
37160,75734.0,43135.0
37185,197225.0,93310.0
37186,87011.0,96237.0
37196,38981.0,74831.0
37200,185623.0,78315.0
37210,36479.0,42970.0
37216,250000.0,115983.0
37230,300000.0,139103.0
37231,96000.0,82597.0
37237,50000.0,22348.0
37238,60000.0,28120.0
3726,120000.0,98491.0
37261,110214.0,98344.0
37271,88171.0,92291.0
37272,127616.0,106163.0
37274,44217.0,52074.0
37280,46406.0,49559.0
37298,250000.0,142802.0
37308,210000.0,168546.0
37311,107000.0,118686.0
37334,143832.0,112761.0
37336,58007.0,35209.0
37338,46496.0,40470.0
37343,74878.0,84065.0
37345,52207.0,44972.0
37353,696088.0,14971.0
37381,9006.0,78265.0
37386,7354.0,71873.0
37397,65000.0,156675.0
37408,245000.0,290202.0
37411,156000.0,124566.0
37413,52207.0,57354.0
37416,33930.0,73954.0
37430,80000.0,81406.0
37435,110000.0,179056.0
37442,193000.0,178375.0
3747,161191.0,182268.0
37477,139218.0,76947.0
37485,69609.0,45468.0
37498,129250.0,140903.0
37511,11624.0,26498.0
37526,65528.0,62030.0
3753,50118.0,54170.0
37534,69609.0,102412.0
37543,170000.0,199397.0
37555,150000.0,154691.0
37565,182000.0,158496.0
37599,85145.0,70525.0
37606,146585.0,60509.0
37624,69609.0,93591.0
3763,81761.0,49541.0
37632,52000.0,42630.0
37636,140000.0,136820.0
37640,87550.0,85173.0
37653,1098.0,14009.0
3766,47799.0,65973.0
37663,40605.0,53735.0
3767,56379.0,29082.0
37679,3777.0,6930.0
37681,160000.0,144599.0
37686,165000.0,168614.0
37693,40000.0,13182.0
37710,60038.0,68917.0
37727,197000.0,192161.0
37749,85534.0,62596.0
378,30297.0,28859.0
37878,74120.0,103259.0
37886,87550.0,90047.0
37892,67289.0,65008.0
37897,42256.0,81588.0
37913,47358.0,43050.0
37915,98244.0,65777.0
37925,11624.0,12396.0
37941,3490.0,8462.0
3796,117793.0,112488.0
37977,80640.0,54348.0
38000,28800.0,32514.0
38008,696088.0,114022.0
38015,69609.0,72386.0
3803,65258.0,80903.0
38030,30327.0,65461.0
38047,1198.0,38458.0
38056,29060.0,19219.0
38065,85534.0,81231.0
3807,11601.0,15720.0
38093,122976.0,74235.0
38099,139218.0,119041.0
38102,116015.0,105645.0
38108,5250.0,17686.0
38110,85851.0,68069.0
38128,29060.0,22025.0
38133,136141.0,100573.0
3814,9891.0,57871.0
38143,2945.0,3807.0
38153,63808.0,50450.0
38155,75410.0,118551.0
3817,31122.0,14485.0
38173,36000.0,33317.0
38181,190000.0,106830.0
38182,136141.0,129600.0
38194,371979.0,294157.0
38215,151000.0,155292.0
38225,104822.0,74877.0
38232,175000.0,154328.0
38259,48726.0,51109.0
38263,139218.0,83288.0
38284,35822.0,76392.0
38295,41765.0,34135.0
3830,168221.0,88311.0
38304,63808.0,73668.0
38316,84408.0,79706.0
38326,99773.0,95031.0
3835,74133.0,36473.0
38353,15000.0,32264.0
38358,102093.0,87467.0
38378,138000.0,105777.0
38380,88243.0,86051.0
38382,140000.0,162502.0
38383,123993.0,145507.0
3840,139218.0,65414.0
38416,60328.0,68129.0
38437,121815.0,93749.0
38459,140000.0,121222.0
3846,29004.0,9117.0
38465,32767.0,31518.0
38475,73836.0,59706.0
3848,147571.0,136858.0
38503,81685.0,81335.0
38508,41765.0,77724.0
38515,58007.0,53669.0
38516,25573.0,32066.0
38547,83173.0,55320.0
3855,62836.0,32398.0
38551,195000.0,183177.0
38557,56604.0,74197.0
38610,21844.0,30574.0
38619,168221.0,120413.0
38634,16374.0,10785.0
3864,104413.0,79801.0
38643,30222.0,12592.0
38651,182843.0,70495.0
38673,380000.0,169045.0
38679,110000.0,152152.0
38693,44550.0,68227.0
38701,176984.0,101288.0
38725,100000.0,126579.0
38750,59933.0,65161.0
38764,410000.0,288432.0
38772,87328.0,72296.0
38777,80500.0,107232.0
38785,185623.0,103381.0
38786,66257.0,30016.0
3879,30297.0,38492.0
38794,46496.0,30138.0
38795,90000.0,25091.0
388,135000.0,134747.0
38800,112307.0,89129.0
38813,162000.0,129561.0
38834,125000.0,97637.0
38861,109438.0,94290.0
3887,70440.0,80005.0
38880,81000.0,116071.0
38889,36407.0,39614.0
38895,550000.0,98529.0
38906,63808.0,65309.0
38913,63808.0,59786.0
3895,46406.0,56917.0
38954,220000.0,143787.0
3897,156022.0,102798.0
3899,557968.0,277809.0
38993,160000.0,199306.0
38996,145000.0,168777.0
39003,127616.0,93619.0
39004,290037.0,146302.0
39025,21811.0,18738.0
39036,2790.0,5979.0
3905,63808.0,81439.0
39071,28216.0,54607.0
3908,70794.0,65285.0
39086,198389.0,252403.0
39088,111374.0,59138.0
3909,127616.0,87408.0
39101,145917.0,125188.0
3912,69609.0,85659.0
39129,17687.0,29707.0
39138,635000.0,275274.0
39142,28917.0,40965.0
39155,174022.0,63689.0
39157,136000.0,119997.0
3918,1270.0,71939.0
39182,79062.0,65499.0
39188,104413.0,87779.0
39209,9485.0,69295.0
39217,190000.0,188878.0
39230,185000.0,142748.0
39248,50466.0,42727.0
39264,105000.0,116335.0
39275,217000.0,224091.0
3930,110214.0,66253.0
39301,68071.0,74227.0
39324,20024.0,17019.0
39327,105000.0,134396.0
39340,60000.0,131534.0
39359,163000.0,191099.0
39363,400000.0,38694.0
39364,270000.0,272850.0
39385,69643.0,83341.0
39417,57516.0,46271.0
39436,5284.0,34789.0
39463,47856.0,57754.0
39470,64968.0,27974.0
39495,52207.0,99726.0
39519,63808.0,84322.0
39529,174022.0,81073.0
39533,64933.0,87365.0
39539,58007.0,66302.0
39548,123993.0,130930.0
3956,89129.0,89715.0
39592,27898.0,9969.0
396,52207.0,81860.0
39604,47334.0,51328.0
39613,162363.0,132102.0
39629,86137.0,73741.0
39642,150819.0,54002.0
3965,60000.0,10602.0
3967,63120.0,29514.0
39673,2668.0,65168.0
3969,46406.0,83426.0
39701,64968.0,104304.0
39711,87011.0,85642.0
39718,63228.0,56103.0
39719,20923.0,10207.0
39744,13949.0,9255.0
39754,29004.0,21937.0
39759,68071.0,109172.0
39769,60328.0,74996.0
39776,44782.0,39034.0
39807,73292.0,37881.0
39810,41846.0,8629.0
3983,66128.0,60658.0
39833,1078.0,11347.0
39859,64968.0,62957.0
3986,41640.0,32922.0
3987,696088.0,100151.0
39890,46288.0,85996.0
39891,64968.0,38429.0
39902,84408.0,91920.0
3991,7024.0,9900.0
39912,89853.0,85871.0
39915,68581.0,20743.0
39917,78011.0,84358.0
3993,37125.0,31301.0
39932,167000.0,185896.0
39950,68071.0,83956.0
3996,156000.0,139764.0
39962,125534.0,68280.0
39976,100000.0,168390.0
4,36197.0,9859.0
400,98612.0,83641.0
40002,100000.0,122139.0
40008,46289.0,45790.0
4003,106190.0,108857.0
40035,43350.0,94061.0
40036,29060.0,21702.0
40050,190000.0,132760.0
40052,87011.0,84238.0
40053,73000.0,90183.0
40064,24813.0,16447.0
40067,104413.0,87381.0
40079,51598.0,89599.0
40092,175000.0,135692.0
40098,93500.0,148004.0
4011,150819.0,150261.0
40114,42285.0,87820.0
40119,103253.0,86349.0
40125,250000.0,197870.0
40134,160000.0,146228.0
40147,48726.0,77221.0
4015,13949.0,15884.0
40151,90491.0,55788.0
40152,51734.0,75186.0
40156,40935.0,80356.0
4016,198389.0,184850.0
40170,14844.0,25524.0
40183,46406.0,67302.0
40188,50372.0,91058.0
4021,130019.0,97800.0
40211,149659.0,80350.0
40233,96292.0,74952.0
40237,180000.0,170838.0
40254,58007.0,98832.0
40255,145018.0,90436.0
40272,8407.0,16544.0
40273,50000.0,19243.0
40275,50000.0,41000.0
40281,67289.0,71895.0
40283,43854.0,42610.0
40294,201489.0,109806.0
40317,46406.0,74537.0
40319,45964.0,74155.0
40328,36479.0,89567.0
40330,140000.0,155368.0
40337,18562.0,86092.0
40347,65663.0,64793.0
40358,50372.0,64565.0
40365,142000.0,148138.0
40370,87011.0,97858.0
40374,55000.0,77461.0
40375,75410.0,68577.0
4038,88171.0,85308.0
40381,34804.0,65086.0
40386,250000.0,204854.0
40387,69609.0,78775.0
4039,522066.0,84153.0
40397,145917.0,130606.0
40398,30689.0,39428.0
40399,30920.0,88030.0
40406,197225.0,107988.0
40432,45234.0,49782.0
40443,88050.0,62689.0
40452,696088.0,255804.0
40454,5744.0,68749.0
40460,100000.0,62455.0
40461,128000.0,141366.0
40472,120145.0,85182.0
40479,148248.0,108997.0
40495,139218.0,105860.0
40497,109438.0,119089.0
405,173250.0,152897.0
4050,47000.0,45386.0
40506,54457.0,66896.0
40517,34804.0,49749.0
4054,1590.0,16342.0
40541,250000.0,211359.0
40558,81685.0,123643.0
4056,6974.0,12331.0
40565,54527.0,50424.0
40576,218875.0,117646.0
4058,118666.0,33064.0
40584,200000.0,184044.0
40599,6393.0,19722.0
40611,185000.0,186049.0
40628,207685.0,77124.0
40641,36407.0,30203.0
40656,182000.0,175927.0
40657,80000.0,51889.0
40667,105000.0,90807.0
40670,90000.0,120188.0
40681,14676.0,61957.0
40696,48937.0,19814.0
40699,82950.0,77293.0
40702,110000.0,132324.0
40706,104413.0,96735.0
40707,350000.0,204646.0
40736,5801.0,88601.0
40738,84512.0,97589.0
4074,220428.0,72430.0
40740,98612.0,80757.0
40753,81210.0,70821.0
4077,31385.0,29187.0
40770,21844.0,31987.0
40773,135000.0,106943.0
40778,250000.0,187957.0
40784,92812.0,99921.0
40786,45446.0,17051.0
40789,11624.0,11093.0
408,96524.0,68068.0
40801,100777.0,83040.0
40814,25523.0,33585.0
4082,92812.0,72714.0
40828,120000.0,115795.0
40842,86820.0,76163.0
40852,132000.0,126779.0
40860,98612.0,90269.0
40866,116015.0,63025.0
40885,34827.0,101233.0
40890,100000.0,128402.0
40905,210000.0,127398.0
40912,100000.0,168064.0
40924,30796.0,38395.0
40934,47102.0,37113.0
40941,122000.0,196312.0
40944,75410.0,52454.0
40948,275000.0,153420.0
40951,36479.0,45414.0
40954,17402.0,29717.0
40964,41765.0,84683.0
40978,200000.0,180341.0
41001,63808.0,65467.0
41008,41025.0,38170.0
41029,90000.0,119214.0
41036,72958.0,82506.0
41037,108160.0,162256.0
41042,225000.0,168341.0
41048,52791.0,31167.0
41066,127000.0,138439.0
41073,116015.0,77201.0
41074,26459.0,28259.0
41080,16242.0,46254.0
4110,81870.0,63892.0
41109,162421.0,97121.0
41110,69182.0,76878.0
41114,215000.0,150595.0
41123,150819.0,95516.0
41128,52207.0,52499.0
41131,87000.0,154328.0
41143,132000.0,156871.0
41145,13949.0,29090.0
41146,92576.0,114648.0
41157,98494.0,75827.0
41174,55000.0,124723.0
41175,118251.0,188398.0
41181,136392.0,139307.0
41197,64968.0,48897.0
41209,205900.0,156901.0
4121,55687.0,48066.0
41214,130000.0,142314.0
41228,80000.0,109604.0
41233,116015.0,90202.0
4126,84408.0,113846.0
41267,157471.0,111489.0
4128,176984.0,118220.0
41286,135000.0,173048.0
41288,140000.0,148762.0
41293,3736.0,73480.0
41336,83882.0,18993.0
41338,10209.0,15370.0
4134,15111.0,18947.0
41365,117017.0,122232.0
41386,162000.0,153593.0
41396,6312.0,20114.0
41398,80254.0,95961.0
41399,228000.0,93626.0
41412,28083.0,52074.0
41414,52411.0,69294.0
41415,212000.0,158570.0
41421,27316.0,15580.0
41423,14138.0,12709.0
41437,143021.0,112963.0
41445,75410.0,77754.0
41450,208030.0,128621.0
4146,38285.0,46809.0
41460,186000.0,160799.0
41464,5231.0,12468.0
41472,29847.0,21225.0
41473,137503.0,88830.0
41483,3952.0,11390.0
41492,69609.0,52718.0
41505,90491.0,55475.0
41508,28424.0,15138.0
41529,41846.0,52006.0
4153,114359.0,118253.0
41543,1614.0,14757.0
41559,52207.0,45495.0
41570,34161.0,55683.0
41574,115720.0,136024.0
41575,37125.0,58152.0
41580,122527.0,144138.0
41582,63808.0,74080.0
4159,81210.0,52021.0
41615,37872.0,41618.0
41622,29653.0,51141.0
4163,89098.0,82090.0
41631,6974.0,31420.0
4164,76556.0,35733.0
41643,18943.0,27548.0
41653,160100.0,82066.0
41678,119495.0,76094.0
41679,150000.0,133188.0
41687,62893.0,46447.0
41699,4650.0,16392.0
4170,116015.0,99258.0
41711,52308.0,33651.0
4174,93972.0,86755.0
41747,125296.0,58746.0
4175,58007.0,55188.0
41751,87011.0,74566.0
41760,35965.0,39459.0
41762,15082.0,25817.0
41771,185623.0,182285.0
41777,58007.0,57878.0
4179,74120.0,79179.0
41797,81917.0,62789.0
4180,115720.0,126996.0
41803,624897.0,53433.0
41810,139218.0,112311.0
41825,300000.0,116469.0
4184,54112.0,105750.0
41852,122527.0,115652.0
41859,75556.0,26654.0
41878,46406.0,25425.0
4188,55687.0,71285.0
41881,80000.0,95861.0
41895,14800.0,13201.0
41897,76205.0,60786.0
419,116240.0,29743.0
4192,34804.0,75540.0
41925,140000.0,171447.0
41949,32445.0,38072.0
41952,120000.0,144183.0
41961,11391.0,23334.0
41965,58367.0,102962.0
41972,34804.0,87300.0
41978,7748.0,37253.0
4200,69609.0,65575.0
42000,139218.0,84606.0
42011,173544.0,125247.0
42020,73669.0,93904.0
42027,38381.0,44251.0
4203,63344.0,58383.0
42034,11504.0,7296.0
4207,69609.0,66491.0
42084,116015.0,98466.0
42088,122976.0,124492.0
42090,136528.0,58509.0
42094,3160.0,5183.0
4210,95132.0,70790.0
42129,92812.0,104812.0
42208,67354.0,50144.0
42217,240000.0,61921.0
4222,163671.0,151379.0
42224,1580.0,5903.0
42226,56379.0,54193.0
42269,110000.0,145940.0
4228,68071.0,109245.0
42299,95000.0,114663.0
42314,77730.0,77278.0
42336,210000.0,183847.0
4234,94618.0,88068.0
42354,29568.0,39662.0
42373,100000.0,158840.0
42412,27992.0,25147.0
4242,44933.0,64109.0
42422,55687.0,46883.0
42423,106376.0,100974.0
42427,385000.0,175892.0
4244,142949.0,105045.0
42456,28741.0,27239.0
42468,76606.0,79043.0
42474,40605.0,40940.0
42483,72958.0,84658.0
42496,27844.0,46353.0
42497,195000.0,153050.0
42521,81210.0,54032.0
42552,139054.0,149011.0
42607,150819.0,41178.0
42610,60328.0,76751.0
42616,14000.0,20939.0
42617,4993.0,70876.0
4262,92812.0,27202.0
4264,73089.0,70461.0
4266,75410.0,69916.0
42673,97452.0,84475.0
42675,40605.0,52470.0
42678,6502.0,9819.0
42693,145018.0,104820.0
4273,81210.0,88317.0
42738,54507.0,59419.0
42758,29004.0,53030.0
42768,24000.0,17644.0
42792,195028.0,195204.0
42796,60238.0,61461.0
42805,88945.0,107541.0
42814,97514.0,83600.0
42844,23201.0,25439.0
42870,200000.0,156822.0
42876,74878.0,79302.0
42877,213000.0,162091.0
42885,5990.0,90118.0
4290,209000.0,225407.0
42907,75410.0,50920.0
4291,5273.0,31934.0
42916,34804.0,41015.0
4295,46470.0,34272.0
42954,132000.0,142985.0
42966,102106.0,98410.0
42988,160000.0,154253.0
42991,170000.0,132517.0
4300,95299.0,92728.0
43001,147552.0,142353.0
43004,68000.0,180393.0
4301,81210.0,85065.0
43010,1395.0,7016.0
4302,25523.0,111358.0
43041,250000.0,171274.0
43043,41069.0,38762.0
43047,170000.0,155271.0
4306,45246.0,69569.0
43101,95132.0,63092.0
43135,40684.0,16614.0
43141,95132.0,80851.0
43145,140000.0,140998.0
43152,104413.0,80621.0
43160,15000.0,11238.0
43163,190000.0,170361.0
43164,279090.0,112499.0
43188,126456.0,74827.0
43197,52308.0,22645.0
43207,36034.0,53775.0
43218,45246.0,67907.0
43219,12642.0,6796.0
4323,73375.0,77394.0
43253,200000.0,174300.0
4326,81210.0,96517.0
43263,125105.0,117606.0
43319,69609.0,73196.0
4332,34804.0,53682.0
43321,70885.0,66461.0
43328,96292.0,73604.0
43356,48000.0,25846.0
43379,149522.0,118004.0
43381,40373.0,42150.0
43389,1781.0,28877.0
4340,137632.0,140087.0
43401,100000.0,96994.0
4341,65663.0,69520.0
4342,49886.0,53939.0
43425,69643.0,44742.0
43428,40684.0,22488.0
43441,44462.0,44049.0
43453,30946.0,57720.0
4346,4650.0,4129.0
43467,90353.0,61842.0
43470,58120.0,18509.0
43479,81210.0,47626.0
43481,180000.0,154200.0
43504,91652.0,90065.0
43509,3836.0,15091.0
43514,34804.0,38320.0
4352,41707.0,75862.0
43528,174022.0,116643.0
43533,7279.0,87255.0
43550,44210.0,46104.0
43555,63808.0,53673.0
43569,75744.0,30530.0
43580,68071.0,82901.0
43584,74249.0,105981.0
43586,25523.0,70332.0
4359,40842.0,60034.0
43590,25573.0,31719.0
43603,69609.0,66866.0
43604,69609.0,94070.0
43609,52207.0,35703.0
43618,58007.0,72626.0
43622,67772.0,68452.0
43623,116015.0,98423.0
4363,56167.0,60261.0
43635,119181.0,94549.0
4366,78890.0,59866.0
43670,32748.0,50103.0
43678,27268.0,22868.0
43692,104413.0,65327.0
43695,234337.0,46314.0
437,300000.0,12635.0
43714,23056.0,6927.0
43726,21649.0,23500.0
4373,81210.0,59059.0
43732,29004.0,75638.0
43745,20727.0,23417.0
43746,44052.0,21294.0
43749,81210.0,97554.0
43751,84568.0,96225.0
43777,29940.0,18886.0
4378,55645.0,28520.0
43782,175186.0,50234.0
4380,149756.0,154469.0
4381,3214.0,51012.0
43810,111374.0,96212.0
4382,190000.0,145430.0
43833,9652.0,46765.0
43836,30369.0,14333.0
43859,69000.0,17403.0
43873,55714.0,67498.0
4388,54580.0,63280.0
43899,50372.0,74541.0
439,18000.0,23068.0
43905,99773.0,60337.0
43906,69811.0,63598.0
43911,9171.0,16194.0
43915,83280.0,32678.0
4392,138754.0,59821.0
43942,36758.0,86867.0
43946,58007.0,56572.0
43959,150000.0,133696.0
4397,116015.0,121341.0
43978,95955.0,113597.0
4398,34804.0,26591.0
43985,80000.0,28455.0
43999,48726.0,52861.0
44009,59400.0,54064.0
44011,20923.0,21386.0
44026,44124.0,38677.0
4403,92812.0,74161.0
44031,24363.0,52514.0
44036,69400.0,53649.0
44041,78011.0,107722.0
44049,49886.0,64467.0
44055,116015.0,99340.0
44058,54527.0,43253.0
44065,86896.0,87595.0
44070,61996.0,75268.0
44086,230000.0,175521.0
44088,108083.0,114591.0
44098,18204.0,55141.0
44099,17358.0,75992.0
4411,98102.0,131035.0
44121,176485.0,135068.0
44122,170000.0,150451.0
44128,87011.0,76252.0
44153,61264.0,62978.0
44159,148500.0,192772.0
4418,245055.0,81873.0
44185,180000.0,290376.0
4419,106013.0,16035.0
44197,104019.0,101403.0
4421,69609.0,47657.0
44216,9586.0,36713.0
44227,67289.0,69111.0
44230,158000.0,165402.0
44233,121166.0,72999.0
44237,118593.0,78686.0
44247,110000.0,74902.0
44250,49886.0,67251.0
44291,65000.0,22005.0
443,55687.0,55214.0
44308,193000.0,201600.0
4431,29397.0,25660.0
44316,147000.0,154776.0
44340,23943.0,22456.0
44358,54611.0,33641.0
44365,32484.0,18856.0
4439,34035.0,52867.0
4442,48362.0,48518.0
44420,116015.0,83395.0
44427,4214.0,10856.0
4443,46406.0,66048.0
44441,210788.0,147331.0
44468,149000.0,161005.0
44500,122527.0,93996.0
44530,29351.0,14701.0
44532,10462.0,9351.0
44533,650000.0,266554.0
44554,150000.0,145969.0
44556,405000.0,184170.0
4458,69609.0,102464.0
44594,39570.0,15476.0
44601,170000.0,192850.0
44605,89098.0,62790.0
44610,139218.0,122491.0
44620,43689.0,36114.0
44634,78890.0,79608.0
44643,48240.0,34318.0
44662,97452.0,109671.0
4467,58007.0,51029.0
4469,134577.0,108740.0
44697,95713.0,57755.0
4470,23203.0,31696.0
44702,70040.0,94181.0
44709,112000.0,128145.0
44711,62221.0,62289.0
44719,169000.0,159780.0
44728,161191.0,165500.0
44740,190000.0,172849.0
44766,32674.0,73355.0
44774,109978.0,75401.0
44775,118324.0,20693.0
44783,174022.0,85524.0
44784,57833.0,48295.0
44793,4211.0,40051.0
44808,110000.0,122843.0
44821,80000.0,134056.0
44823,63808.0,56426.0
44840,124687.0,112759.0
44855,272784.0,214601.0
44859,175000.0,214825.0
4488,4200.0,39974.0
44895,330000.0,181270.0
44906,96000.0,177181.0
4492,92812.0,107211.0
44921,140000.0,146536.0
44940,61245.0,65696.0
44955,57519.0,53575.0
44967,87550.0,103853.0
44981,150819.0,136967.0
44999,125296.0,103050.0
45001,69744.0,13434.0
45003,28107.0,33962.0
45013,92812.0,52552.0
45026,155521.0,144753.0
45035,73375.0,86168.0
45036,195000.0,179939.0
45043,50000.0,48193.0
45044,117347.0,84461.0
45059,27306.0,48962.0
45074,3753.0,53775.0
45078,152000.0,125666.0
45079,75000.0,132478.0
45087,156620.0,76538.0
45088,696088.0,222231.0
45089,185623.0,138925.0
451,63808.0,77542.0
45104,101000.0,126910.0
45106,88000.0,124435.0
45137,69609.0,49780.0
45143,15200.0,14973.0
45146,84691.0,80962.0
45164,2303.0,34369.0
45178,132000.0,150882.0
45188,75109.0,63639.0
45195,262000.0,211555.0
452,15036.0,29866.0
45210,72000.0,98054.0
45215,88171.0,88988.0
45219,10000.0,13323.0
45226,49654.0,66879.0
45227,139218.0,40411.0
45229,168500.0,72166.0
45234,224633.0,85531.0
45245,44480.0,53320.0
45247,127616.0,101158.0
4525,26799.0,39406.0
45267,161191.0,123956.0
45268,380000.0,250256.0
45270,310000.0,269897.0
45282,216000.0,197098.0
45285,40000.0,22906.0
45291,290037.0,65123.0
45302,93972.0,82837.0
45309,71929.0,82436.0
45316,66259.0,81160.0
45336,88050.0,75523.0
45341,45847.0,42213.0
45342,62648.0,84257.0
45348,115000.0,119057.0
45350,127616.0,60124.0
45362,80113.0,69306.0
45369,77730.0,75968.0
45378,70000.0,25136.0
4538,92812.0,86165.0
45386,69609.0,83218.0
45394,58007.0,65565.0
45398,156620.0,91362.0
45400,149522.0,140940.0
45408,47009.0,73531.0
45436,70000.0,153808.0
4544,69609.0,39244.0
45454,87011.0,86289.0
45457,156000.0,155228.0
45461,36000.0,13212.0
45473,69609.0,53476.0
45479,54457.0,104355.0
4550,42165.0,48757.0
45532,119831.0,19602.0
4554,58007.0,77440.0
45540,294142.0,191097.0
45563,73089.0,64605.0
45587,150000.0,182003.0
45620,201000.0,121687.0
45622,27844.0,62991.0
45642,200000.0,76313.0
45648,5000.0,99217.0
45671,124136.0,131432.0
45676,125468.0,101518.0
45681,95299.0,103715.0
45685,400000.0,180884.0
45693,100000.0,110215.0
45698,350000.0,218904.0
4570,2900.0,43400.0
45702,100000.0,91970.0
45720,75410.0,38531.0
4573,34925.0,37399.0
45754,50000.0,12770.0
45760,295000.0,145814.0
45773,220000.0,156931.0
4578,54527.0,72336.0
4579,18000.0,18434.0
45794,18598.0,21252.0
45807,84361.0,60213.0
45852,122000.0,180823.0
45861,39745.0,12012.0
4587,130019.0,112007.0
45874,96724.0,46571.0
45879,72282.0,88010.0
45898,135000.0,165827.0
45901,170000.0,163742.0
45904,360000.0,145620.0
45906,12743.0,86572.0
45917,89505.0,29028.0
45939,4585.0,14816.0
45960,60000.0,24294.0
45967,81210.0,81792.0
45986,136392.0,138409.0
45990,50000.0,33931.0
45993,116015.0,68680.0
45994,12273.0,21996.0
46008,7216.0,63821.0
46020,30164.0,55194.0
46027,150819.0,99936.0
46029,8167.0,28936.0
46032,68134.0,74727.0
4605,190598.0,117734.0
46053,232029.0,114594.0
46056,301638.0,83316.0
46065,174022.0,123839.0
46082,232029.0,64657.0
46088,40605.0,46175.0
46091,11624.0,12940.0
461,48132.0,28739.0
46109,69609.0,83374.0
46110,95179.0,80506.0
46119,81210.0,87568.0
46122,30164.0,69636.0
46138,47922.0,17203.0
4615,32484.0,42758.0
46161,68581.0,37693.0
46170,56830.0,48404.0
46174,75410.0,70501.0
462,65073.0,47953.0
46206,122527.0,113638.0
46208,98612.0,97872.0
4621,175000.0,177833.0
46226,78890.0,68335.0
46237,47650.0,57725.0
46239,696088.0,69849.0
4624,90194.0,157687.0
46245,61635.0,66654.0
4626,7658.0,5196.0
46265,92812.0,74669.0
46302,34511.0,33849.0
46307,31324.0,27098.0
4631,92812.0,97443.0
46310,109438.0,115788.0
46324,7505.0,88091.0
46346,81210.0,60252.0
46349,112244.0,54549.0
46362,11781.0,5808.0
46371,154000.0,138457.0
46375,209231.0,33607.0
46394,2632.0,29696.0
46399,230000.0,128116.0
464,67400.0,39412.0
46413,58007.0,41311.0
46421,87939.0,71369.0
46463,48000.0,40084.0
46464,74878.0,107981.0
46468,13949.0,29680.0
46489,41800.0,49623.0
46508,92812.0,77210.0
46512,1162.0,18903.0
46518,158000.0,134349.0
46519,200000.0,160000.0
46522,5500.0,39107.0
46542,93611.0,79591.0
46554,6974.0,34688.0
46567,500000.0,171928.0
46572,78959.0,27432.0
46576,45446.0,31555.0
46582,29004.0,88875.0
46594,519000.0,212239.0
46597,90000.0,148788.0
46600,60000.0,86713.0
46601,54320.0,64044.0
4661,133419.0,129952.0
46621,108000.0,132209.0
46622,5613.0,59393.0
46624,96660.0,123638.0
4665,58007.0,88196.0
46672,102106.0,98094.0
46677,2106.0,42122.0
46685,41379.0,63157.0
4670,55139.0,51219.0
46700,27773.0,32018.0
46710,87011.0,87699.0
4673,116015.0,47671.0
46730,160000.0,127660.0
46731,55503.0,64530.0
46750,13200.0,71131.0
46789,105000.0,114765.0
46790,69643.0,87794.0
46812,200000.0,296423.0
46826,47065.0,40212.0
4683,83531.0,80974.0
46852,11624.0,15067.0
46854,40000.0,8989.0
46877,208030.0,125436.0
4690,12786.0,11315.0
46902,13785.0,7993.0
46903,65663.0,104309.0
46919,83857.0,73107.0
46929,72870.0,45671.0
46938,63120.0,60426.0
46945,4068.0,19602.0
46948,19722.0,25448.0
4696,8137.0,15082.0
46972,51851.0,43906.0
4700,92812.0,110312.0
47034,5231.0,12322.0
47053,17415.0,11705.0
47061,116015.0,101396.0
4707,71000.0,81772.0
47090,44404.0,42332.0
47119,110897.0,125828.0
4712,350000.0,255396.0
47148,68203.0,34012.0
4715,80514.0,41241.0
47150,30764.0,19984.0
47152,72000.0,28267.0
47164,142000.0,113087.0
47184,43565.0,58408.0
47190,210000.0,138595.0
4722,69609.0,53053.0
47227,112000.0,79291.0
4724,136141.0,92008.0
47271,239000.0,177692.0
47285,116015.0,102421.0
47287,73375.0,62520.0
4729,63713.0,41846.0
4730,60798.0,47342.0
47330,35347.0,19560.0
47344,25248.0,17113.0
47356,3408.0,34891.0
47362,39465.0,48246.0
47399,30164.0,34778.0
4740,80050.0,69930.0
47436,73375.0,75256.0
47472,99608.0,83049.0
47529,50000.0,93431.0
47537,43689.0,39619.0
4756,130000.0,164158.0
47586,120000.0,61752.0
47619,130000.0,120778.0
4763,139218.0,112340.0
4764,124029.0,101922.0
47646,69609.0,67179.0
47654,81685.0,84506.0
47658,139218.0,67397.0
47665,60000.0,122992.0
4767,150000.0,127733.0
4771,58007.0,69380.0
4773,136141.0,135413.0
47739,23248.0,11064.0
4776,30710.0,51350.0
47801,13000.0,146971.0
47821,46406.0,59840.0
47822,180000.0,120315.0
4785,29004.0,51442.0
47852,34872.0,6517.0
47860,53095.0,76659.0
47862,260000.0,217507.0
4789,81685.0,86221.0
4790,25447.0,26515.0
47902,54124.0,50067.0
47921,170000.0,156035.0
4796,149000.0,195126.0
47997,257000.0,170814.0
48009,136000.0,145156.0
4804,43664.0,65599.0
4805,135100.0,207678.0
48058,12298.0,92684.0
48123,109438.0,107949.0
48132,246000.0,181130.0
48178,696088.0,99656.0
48190,97886.0,95713.0
48208,81210.0,87760.0
4826,110214.0,73340.0
48273,41765.0,44939.0
48286,58007.0,40567.0
48295,155000.0,172360.0
48373,100000.0,12890.0
4838,46406.0,47911.0
48406,133417.0,73806.0
4842,66709.0,77170.0
4844,13922.0,45374.0
4845,69609.0,133526.0
48461,81210.0,69187.0
48462,87328.0,51806.0
48466,94154.0,28213.0
4847,44927.0,64692.0
48514,113694.0,89170.0
48564,6974.0,16122.0
48565,1161.0,12261.0
48579,208928.0,87248.0
48586,63808.0,66958.0
48590,2906.0,5937.0
4860,50000.0,152134.0
48612,5453.0,37566.0
48614,134973.0,129697.0
4863,43775.0,55049.0
48637,120000.0,57883.0
48649,68000.0,67984.0
48653,162421.0,91262.0
48668,127616.0,87000.0
48676,165000.0,147916.0
4871,218875.0,88895.0
4873,57179.0,85837.0
48736,116640.0,69093.0
48739,67655.0,40284.0
4876,58007.0,50409.0
48763,6665.0,11271.0
48784,22467.0,28913.0
4880,60796.0,67696.0
48845,121000.0,170276.0
48846,90000.0,91620.0
48853,301177.0,110385.0
48854,34951.0,36733.0
48886,78595.0,48611.0
48897,3483.0,6492.0
48921,115000.0,153608.0
48935,696088.0,221864.0
48950,17402.0,101165.0
48960,42165.0,43495.0
48971,350000.0,182542.0
49,142949.0,155844.0
49007,170000.0,181804.0
49018,20000.0,14733.0
49067,138470.0,99436.0
49076,82366.0,71428.0
4922,122527.0,94491.0
4931,107000.0,131459.0
4932,43738.0,36042.0
4941,61245.0,69171.0
4945,98612.0,80295.0
4949,127616.0,92581.0
4954,240000.0,141275.0
4956,180000.0,106411.0
4968,96000.0,137124.0
4974,23369.0,80759.0
4994,83531.0,82649.0
4996,80000.0,81828.0
501,17840.0,34533.0
5016,81210.0,91983.0
5026,77150.0,69762.0
5029,136141.0,126085.0
504,150000.0,131574.0
5042,109438.0,117203.0
5043,99223.0,97899.0
5047,13209.0,12343.0
5062,11601.0,60287.0
5066,340000.0,168398.0
5078,55000.0,84424.0
5091,83531.0,87863.0
5104,234337.0,82438.0
5113,50550.0,80165.0
5114,180000.0,152087.0
5118,24029.0,43167.0
5119,80254.0,98112.0
512,200000.0,143047.0
5122,123889.0,101504.0
5123,59902.0,76801.0
513,9368.0,15246.0
5136,90000.0,128428.0
5137,126361.0,41935.0
5142,250000.0,132600.0
5146,108710.0,91274.0
5150,8121.0,21569.0
5151,88050.0,85888.0
5164,46406.0,63827.0
5167,64933.0,72252.0
5170,48726.0,44429.0
5173,140000.0,132097.0
5178,125000.0,160551.0
518,110109.0,81519.0
5189,90000.0,115150.0
5191,65533.0,41160.0
5196,140000.0,126412.0
52,81210.0,79931.0
520,24000.0,21220.0
5200,32000.0,57241.0
5207,76831.0,23680.0
5214,145018.0,121538.0
5231,176984.0,106987.0
5232,74000.0,71911.0
5242,104413.0,77472.0
5246,24943.0,92561.0
5251,49886.0,37332.0
5267,64736.0,46897.0
5274,300000.0,233070.0
5275,72958.0,100770.0
5286,58007.0,70513.0
5293,371979.0,316569.0
53,63909.0,69085.0
5306,550000.0,207588.0
5308,43375.0,32918.0
5315,340354.0,99081.0
5319,131325.0,86998.0
5327,120000.0,113299.0
5328,696088.0,350247.0
5329,122527.0,113243.0
5332,600000.0,267558.0
5334,250000.0,154889.0
5354,108913.0,92161.0
5373,85851.0,91241.0
5374,51841.0,75240.0
5378,17476.0,17026.0
5391,185000.0,186087.0
5393,72000.0,127447.0
540,54457.0,75994.0
5400,100000.0,102655.0
5404,135000.0,76014.0
5423,136141.0,133786.0
5430,275000.0,124733.0
5432,81210.0,62228.0
5437,68071.0,77441.0
544,218875.0,124847.0
5453,2758.0,8446.0
5463,31904.0,23409.0
5468,4073.0,9312.0
547,138000.0,167142.0
5473,120000.0,122513.0
5474,104413.0,75237.0
549,99194.0,177434.0
5498,112000.0,127095.0
5509,145000.0,128170.0
5513,66038.0,76926.0
5516,98000.0,87477.0
5518,127616.0,73858.0
5524,128304.0,110984.0
5527,125000.0,127818.0
5529,170000.0,92084.0
5530,53273.0,49846.0
5531,92812.0,91613.0
5536,68000.0,102758.0
5537,8738.0,10747.0
5538,6936.0,23535.0
5543,45934.0,71851.0
5551,46939.0,39555.0
5553,90000.0,110232.0
5555,66128.0,67059.0
5557,51407.0,68683.0
5561,198000.0,176231.0
557,95132.0,104092.0
5571,140000.0,126528.0
5575,170000.0,216547.0
5577,106733.0,83069.0
5580,200000.0,71617.0
5582,160900.0,145380.0
5585,83857.0,83109.0
5587,46406.0,69773.0
5590,21888.0,51508.0
5602,124000.0,133950.0
5613,12000.0,28226.0
5617,81210.0,55582.0
5618,99635.0,61642.0
5621,68500.0,129995.0
5622,76570.0,70403.0
5625,9361.0,81154.0
5626,162421.0,98706.0
5631,81038.0,78232.0
5634,119805.0,70229.0
5651,73375.0,66542.0
5655,85440.0,36851.0
567,116015.0,110743.0
5676,696088.0,326882.0
5697,48726.0,89695.0
5698,180000.0,161988.0
5699,25202.0,54873.0
5713,23169.0,39477.0
5715,140000.0,155147.0
5730,46406.0,46442.0
5734,87811.0,68064.0
5735,140000.0,130055.0
574,82283.0,75191.0
5741,54580.0,56493.0
576,46406.0,60470.0
5768,81590.0,32339.0
5770,185000.0,104484.0
5783,195028.0,109273.0
5788,8809.0,8085.0
5790,645000.0,214205.0
5799,116000.0,138607.0
5812,38171.0,66923.0
5815,34951.0,41705.0
5832,80000.0,32489.0
5839,125000.0,127430.0
5842,225000.0,163200.0
5849,150000.0,201842.0
5854,73089.0,69861.0
5864,65533.0,41689.0
5869,18290.0,55139.0
5870,165000.0,109879.0
5889,5883.0,20357.0
5894,360000.0,238541.0
5910,116015.0,66608.0
5918,42165.0,54264.0
5919,59822.0,84264.0
5928,60000.0,31368.0
5929,92812.0,119698.0
5930,186000.0,159349.0
5936,149756.0,95876.0
5943,17436.0,39779.0
5944,69609.0,94556.0
5960,104413.0,79374.0
5969,280000.0,309099.0
5975,37125.0,33431.0
598,92812.0,87430.0
5989,30164.0,21135.0
602,204212.0,118752.0
6020,122527.0,101343.0
6021,66824.0,76125.0
6024,63808.0,74708.0
6047,58120.0,25098.0
605,69609.0,60607.0
6057,62648.0,63916.0
6061,104199.0,107236.0
607,275124.0,33909.0
6078,580073.0,92239.0
6091,50000.0,26300.0
6094,106190.0,100131.0
6097,64131.0,65479.0
61,67289.0,91872.0
611,30164.0,29267.0
613,204212.0,127303.0
6131,70800.0,29623.0
6140,8546.0,37298.0
615,106733.0,100805.0
6153,92812.0,96419.0
6156,77776.0,62382.0
6175,3863.0,14429.0
6176,308605.0,29942.0
6179,200000.0,147260.0
6183,11869.0,103680.0
6189,110000.0,176849.0
62,197225.0,82126.0
6200,81210.0,100864.0
6204,77730.0,91006.0
6249,232029.0,114317.0
6253,20820.0,9498.0
6257,32547.0,27235.0
6258,60681.0,30370.0
6267,64968.0,45367.0
627,180000.0,145078.0
6282,133417.0,80555.0
6301,81262.0,96542.0
6312,235000.0,177284.0
6315,123000.0,140491.0
6316,95865.0,14833.0
6317,88050.0,74090.0
6326,28309.0,20148.0
6333,73553.0,57298.0
6335,9992.0,26649.0
6340,20883.0,43918.0
6351,30000.0,26251.0
6353,170000.0,119508.0
6364,170000.0,151144.0
6366,180000.0,182799.0
6370,17594.0,50110.0
6388,220000.0,138890.0
639,58700.0,80415.0
6399,238000.0,204965.0
6401,220000.0,154128.0
6409,220000.0,165252.0
6415,230000.0,142924.0
6418,89815.0,72733.0
6429,151777.0,104252.0
6431,92000.0,119582.0
6440,99194.0,128532.0
6460,139218.0,53138.0
6464,23203.0,17383.0
6467,270000.0,225204.0
6472,600000.0,188024.0
6478,50000.0,44648.0
6481,87550.0,67979.0
6488,73089.0,69197.0
6491,36223.0,55188.0
6501,142269.0,90451.0
6508,87011.0,44378.0
651,72958.0,71328.0
6518,51486.0,36136.0
652,182270.0,145700.0
6521,85000.0,69024.0
6523,111975.0,77146.0
6527,58007.0,71043.0
6535,160000.0,157354.0
654,233000.0,188020.0
6542,104413.0,80862.0
6549,9973.0,12650.0
6550,75410.0,76437.0
6556,83046.0,103225.0
6558,325000.0,190055.0
6572,32767.0,87131.0
6587,59096.0,100361.0
6589,112317.0,163371.0
6592,65663.0,56253.0
6597,217729.0,111173.0
6598,229000.0,192705.0
6612,110214.0,97586.0
662,116015.0,96666.0
6651,40605.0,48682.0
6658,117082.0,112881.0
6660,61488.0,43297.0
6665,20883.0,123392.0
6675,97452.0,91760.0
6676,135000.0,124131.0
6690,68071.0,86644.0
6702,150000.0,188923.0
6712,98612.0,70406.0
6725,162523.0,108404.0
673,130000.0,170831.0
6730,75410.0,80171.0
6739,96000.0,107108.0
6742,104000.0,130775.0
6756,48726.0,60483.0
676,16542.0,34268.0
6761,135000.0,189507.0
6773,21480.0,20973.0
6775,180000.0,157441.0
6778,41786.0,34211.0
678,121815.0,104347.0
6791,108000.0,177146.0
68,75472.0,78915.0
6800,300000.0,180811.0
6809,14420.0,12564.0
681,131200.0,138520.0
6813,135000.0,212787.0
6817,185000.0,188632.0
6821,81210.0,70754.0
6824,227533.0,140816.0
683,41765.0,57425.0
6830,120000.0,155416.0
6833,38171.0,27938.0
6839,77832.0,34156.0
6840,230000.0,164613.0
6844,91013.0,98183.0
6864,8271.0,68843.0
6885,83981.0,58271.0
6889,74249.0,71903.0
6890,58471.0,74752.0
690,220000.0,148928.0
6913,98612.0,66476.0
6927,123993.0,151394.0
6929,69609.0,72109.0
6941,50000.0,26621.0
695,23203.0,57449.0
6956,106871.0,121426.0
6965,23248.0,34461.0
6981,82906.0,65335.0
6984,88494.0,99678.0
6991,47566.0,66870.0
6992,85000.0,38838.0
7,6240.0,51505.0
7000,28511.0,38546.0
7005,104822.0,71291.0
7013,25573.0,22863.0
7028,83322.0,68529.0
7029,63808.0,50835.0
7037,18330.0,30860.0
704,40056.0,36907.0
7040,67702.0,107189.0
7051,21888.0,62511.0
7057,85460.0,9327.0
7063,78890.0,85383.0
7067,69609.0,83588.0
7070,130703.0,32452.0
7080,39317.0,33539.0
7090,37821.0,25711.0
7091,70208.0,71061.0
7092,127616.0,61014.0
7093,130000.0,111098.0
7101,175000.0,166987.0
7102,66709.0,69993.0
7103,9496.0,28289.0
7109,66321.0,46508.0
7117,102106.0,81393.0
7126,71500.0,153037.0
717,71929.0,59749.0
720,90000.0,50620.0
722,561668.0,86420.0
7232,148248.0,106576.0
7237,90491.0,93690.0
725,189122.0,160655.0
7299,33644.0,11937.0
73,150000.0,193879.0
7304,95299.0,94103.0
732,93387.0,84410.0
733,174022.0,93258.0
7343,87550.0,93809.0
7362,27960.0,32071.0
7410,200000.0,163159.0
7414,98000.0,23494.0
7427,1515.0,39705.0
743,197225.0,77643.0
746,66824.0,43523.0
7492,3595.0,8541.0
75,20677.0,33480.0
7508,72958.0,109020.0
755,120000.0,155435.0
7563,90491.0,96359.0
758,85000.0,133492.0
7584,55687.0,35015.0
76,72958.0,112148.0
766,62893.0,59548.0
769,71929.0,72018.0
770,110214.0,100928.0
7711,96300.0,134196.0
7716,110214.0,81824.0
772,50994.0,64629.0
7747,104413.0,89622.0
7769,240000.0,147144.0
7779,116015.0,79063.0
7780,166172.0,17792.0
7786,510000.0,185992.0
7800,74249.0,89674.0
7906,91276.0,80791.0
792,110000.0,136416.0
7936,220000.0,155053.0
7977,106190.0,95172.0
798,149950.0,147524.0
7996,500000.0,159568.0
8006,299511.0,117946.0
8030,83531.0,109059.0
8078,90667.0,33933.0
8080,28109.0,28568.0
8095,200000.0,151998.0
8098,190000.0,145353.0
8126,33072.0,16847.0
813,173590.0,131499.0
8143,46406.0,56470.0
8185,17256.0,15604.0
820,84408.0,80565.0
8203,145600.0,160455.0
8221,104976.0,76431.0
8285,97104.0,85231.0
8289,92812.0,108956.0
83,87011.0,69750.0
8320,95515.0,71017.0
8349,25793.0,13014.0
8405,80323.0,62315.0
842,19575.0,18849.0
8425,58120.0,42299.0
845,103000.0,125344.0
8451,8051.0,9230.0
8455,64968.0,58415.0
848,104000.0,138065.0
8502,63797.0,77403.0
852,177000.0,199345.0
8524,110214.0,90461.0
8549,97452.0,85426.0
8560,82370.0,54889.0
8582,68071.0,98012.0
8585,130992.0,84583.0
8594,126473.0,120849.0
86,139218.0,80486.0
8613,48726.0,86285.0
862,45000.0,21305.0
8620,210000.0,204213.0
8629,64388.0,72247.0
8642,69609.0,56773.0
8669,116015.0,61640.0
867,127616.0,95613.0
8688,75908.0,29850.0
8698,54941.0,43278.0
8739,83531.0,84191.0
878,190000.0,186150.0
8802,150819.0,93494.0
8811,165000.0,130227.0
8812,101428.0,60565.0
8825,122527.0,126043.0
8834,45509.0,44486.0
8866,696088.0,179404.0
8882,65000.0,85333.0
8888,35000.0,20532.0
889,55687.0,88013.0
8896,42786.0,18874.0
89,13649.0,14038.0
8902,2121.0,22927.0
8918,70769.0,82797.0
892,55136.0,29489.0
8927,30000.0,30036.0
8928,6000.0,96216.0
8983,4627.0,59933.0
9001,74500.0,120579.0
9004,85361.0,88429.0
9028,169024.0,125764.0
9030,40605.0,50749.0
9038,104413.0,54883.0
9040,1200.0,66132.0
9044,200000.0,150231.0
9045,116015.0,70341.0
9048,170177.0,130372.0
905,43505.0,50614.0
9052,180000.0,206120.0
9077,11054.0,79041.0
9086,110000.0,46985.0
9114,117000.0,112723.0
9122,117017.0,90213.0
9126,31090.0,36541.0
9128,150000.0,176531.0
9133,79511.0,116519.0
9141,170000.0,113424.0
9157,108000.0,134559.0
9177,250000.0,175528.0
9193,13000.0,10542.0
9207,154731.0,55313.0
926,88492.0,82549.0
9300,145699.0,143357.0
9310,45509.0,64255.0
9322,20342.0,15906.0
9337,11613.0,13797.0
9343,25573.0,29936.0
9358,58007.0,35640.0
9364,67289.0,92828.0
9384,155521.0,147668.0
9385,130019.0,146322.0
9406,60000.0,108219.0
9427,105000.0,110116.0
9484,54527.0,62684.0
9489,34872.0,14715.0
9495,40605.0,20557.0
9519,44689.0,28724.0
9560,53798.0,83485.0
9564,15949.0,29410.0
9578,97514.0,97668.0
958,116015.0,86727.0
9587,4650.0,12718.0
9598,232029.0,116205.0
9608,190000.0,142524.0
9618,39320.0,29411.0
9624,83531.0,64484.0
9643,234028.0,80814.0
965,59000.0,141908.0
9663,99915.0,14639.0
9674,163370.0,108272.0
968,65348.0,111608.0
9702,47389.0,17999.0
9721,3048.0,30658.0
9770,46406.0,59765.0
9773,203026.0,106761.0
9774,8985.0,23972.0
9779,136141.0,106849.0
9781,39465.0,22020.0
9784,58007.0,113572.0
9785,9275.0,6558.0
9787,76566.0,52581.0
9788,148791.0,146019.0
9790,89795.0,91072.0
9792,33886.0,63276.0
9804,133417.0,79346.0
9811,92812.0,50311.0
9819,104413.0,105839.0
9821,64968.0,65409.0
9833,62648.0,72376.0
9869,63808.0,69539.0
9870,150819.0,120911.0
9871,92812.0,86673.0
9876,85851.0,84631.0
9878,81685.0,115852.0
9884,13949.0,7877.0
989,61531.0,94332.0
9901,60328.0,67092.0
9905,31635.0,38248.0
9912,102106.0,119168.0
9924,92812.0,86995.0
9926,97067.0,69492.0
9932,47566.0,43524.0
9940,60328.0,49478.0
9943,56847.0,58063.0
9948,46406.0,53167.0
9966,96714.0,129172.0
9995,20109.0,18753.0
